SpectrumID,FeatureID,Compound_Name,name_parent_compound,chemical_source,pharmacologic_class,therapeutic_area,therapeutic_indication,WWTP_B_0423,WWTP_B_0320_EDTA,WWTP_B_0403_EDTA,WWTP_A_0424,WWTP_B_0501_2,WWTP_C_0318,WWTP_C_0330,WWTP_A_0605_EDTA,WWTP_A_0519,WWTP_C_0325_EDTA,WWTP_C_0409,WWTP_A_0325,WWTP_B_0612,WWTP_B_0413_EDTA,WWTP_B_0610_EDTA,WWTP_B_0323,BL3,BL2,WWTP_B_0508_EDTA,WWTP_B_0519,WWTP_B_0325,WWTP_C_0401,BL1,WWTP_C_0501_EDTA,WWTP_C_0415,WWTP_B_0318,WWTP_B_0408,WWTP_A_0330,WWTP_A_0420_EDTA,WWTP_B_0501,WWTP_C_0528_EDTA,WWTP_A_0508_EDTA,WWTP_A_0317,WWTP_B_0327_EDTA,WWTP_B_0330,WWTP_B_0619_EDTA,WWTP_B_0406_EDTA,WWTP_A_0403,WWTP_A_0322,WWTP_C_0605,WWTP_B_0320,WWTP_A_0515,WWTP_C_0327,WWTP_A_0522,WWTP_B_0401,WWTP_A_0415_EDTA,WWTP_B_0416_EDTA,WWTP_C_0421,WWTP_A_0417_EDTA,WWTP_B_0501_3,WWTP_A_0408,WWTP_B_0523,WWTP_A_0327_EDTA,WWTP_C_0424_EDTA,WWTP_A_0320_EDTA,WWTP_B_0421_EDTA,WWTP_C_0519,WWTP_C_0417_EDTA,unique_name
CCMSLIB00012725369,6291,related spectra of 'abacavir (Delta Mass:13.98)',abacavir,Drug_analog,HIV nucleoside analog reverse transcriptase inhibitor (HIV NRTI),infectious disease,human immunodeficiency virus (HIV-1),284322.44,690471.9,482745.16,2055759.8,554138.3,941035.5,752990.44,1393537.4,1564420.2,846703.2,936882.6,1629570.9,428338.88,610065.5,397651.38,620109.5,865878.6,850075.44,385717.34,572581.9,479252.34,1072354,853071.94,810350.9,818627.5,328097.97,678414.25,1204157.8,684507.75,546731,839385.56,2001609.6,1442982.4,488391.38,522335.9,395462.22,520267.62,1696120.4,1641420.4,529417.75,244539.23,1505083.4,1615164.5,1808257.5,506284.12,1756258.4,501900.16,360082.7,1916629.5,547562.9,1738104.4,520187.62,1847444.5,838107.44,2024951.6,313414.06,742120.25,847405.25,6291_related spectra of 'abacavir (Delta Mass:13.98)'
CCMSLIB00010142713,5938,abacavir,abacavir,Medical,HIV nucleoside analog reverse transcriptase inhibitor (HIV NRTI),infectious disease,human immunodeficiency virus (HIV-1),99906.375,49215.81,334653.47,2926505,68820.53,852014.94,1009350.56,1565888.8,1770991.4,996406.56,1206296.1,1779763.8,112915.93,405531.66,136176.78,312975.56,925474.25,938347.5,127822.055,470190.8,249793.14,1418636.1,973378.7,945907.75,950152.6,137871.45,372006.8,1630403.4,997341.44,68196.195,941811.56,2030290.6,1631503,318265.12,378323.88,62467.316,345355.16,1828390.9,1782580.4,637156.94,115487.63,1690412.5,2094470.4,1855369,342760.78,1838084.4,240041.4,269571.47,1891276.9,61422.58,1956804.1,277065.1,1893713.8,928852.56,2513261.8,130120.87,881403.7,963412.2,5938_abacavir
CCMSLIB00010139049,2489,Acyclovir,acyclovir,Medical,nucleoside analog HSV DNA polymerase inhibitor / VZV DNA polymerase inhibitor,infectious disease,genitial herpes|shingles|chicken pox,0,0,43919.1,159781.08,0,168551.4,134394.88,288184.84,305905.34,104584.54,216008.5,335824.2,3067.3154,32091.678,0,34951.316,104781.586,98710.14,0,10011.17,27726.076,213839.16,107763.47,101584.49,115965.875,42211.523,26441.89,180529.05,97231.19,0,110859.586,120703.6,330134.12,12476.674,3288.8018,0,27915.707,348228.47,347281.3,82731.21,53128.72,320254.78,198536.88,307002.22,34376.406,246570.72,28487.303,83881.164,262411.9,0,332263.53,4175.669,336911.78,101146.19,214546.47,0,141210.53,116225.305,2489_Acyclovir
CCMSLIB00010136020,10623,Albendazole oxide,albendazole,Drug metabolite,anthelmintic,infectious disease,cystic hydatid disease|parenchymal neurocysticercosis,0,4359.059,14000.875,0,0,0,0,0,0,0,0,0,1124417.8,0,0,0,0,0,0,0,0,0,0,0,0,0,0,0,0,0,0,0,0,0,0,583739,0,0,0,0,6409.299,0,0,0,0,0,0,0,0,0,0,0,0,0,0,0,0,0,10623_Albendazole oxide
CCMSLIB00000207643,7085,"Massbank:EA023605 4-Acetamidoantipyrine|N-(1,5-dimethyl-3-oxidanylidene-2-phenyl-pyrazol-4-yl)ethanamide",aminopyrine/metamizole,Drug metabolite,other analgesics and antipyretics,neurology/psychiatry,pain relief,4302565,12785817,10618397,24133286,9564567,13539109,12870570,22290588,20949226,13774179,12828102,21719160,8075121,9761446,7290902.5,10964986,13634106,13399241,7982280,7639049,9503975,14516240,13380561,13145815,13658412,8697998,11198926,14605944,9471149,9545913,13549616,23844216,20526958,9463722,6722992,8838465,9422380,21566034,21776454,11328211,9354054,22220350,16414888,23969842,8073600,21229896,9604871,4973526.5,22682818,9663381,19928198,10041319,24462270,13522184,26190068,6132832,13917761,13259265,"7085_Massbank:EA023605 4-Acetamidoantipyrine|N-(1,5-dimethyl-3-oxidanylidene-2-phenyl-pyrazol-4-yl)ethanamide"
CCMSLIB00000209413,6888,"Massbank:EA103811 4-Formylaminoantipyrine|N-(1,5-dimethyl-3-oxidanylidene-2-phenyl-pyrazol-4-yl)methanamide",aminopyrine/metamizole,Drug metabolite,other analgesics and antipyretics,neurology/psychiatry,pain relief,819392.3,3834295.2,3085390,7548707.5,2426926,3809451.8,4054809,6777178.5,6261377.5,4132877.5,3610560,7128599,1939572.1,3011609.2,2062024.1,2979608.8,4177229.8,4133224.2,1925210,1899875.6,2312018.5,4467393,4227934,4179476,4265727,2508851,3264759.8,4398381,2430981.2,2384698.2,4176645.8,7918367,6301177,2604797.5,1853256.5,2510346.8,2630870,7169912,6977484,3348954,2459026.2,6838217,4981815,7532158,2581484.8,6663375.5,2514917.2,1414704.8,7734201.5,2428914.2,6496073.5,2500903.2,7769620.5,4279618,8739816,1605618.8,3892326.5,4232763,"6888_Massbank:EA103811 4-Formylaminoantipyrine|N-(1,5-dimethyl-3-oxidanylidene-2-phenyl-pyrazol-4-yl)methanamide"
CCMSLIB00000211901,5521,Massbank:EA285204 Amisulpride|4-amino-5-esyl-N-[(1-ethylpyrrolidin-2-yl)methyl]-2-methoxy-benzamide,amisulpride,Medical,dopamine-2 (D2) antagonist,neurology/psychiatry,psychosis|schizophrenia|postoperative nausea,209147.9,803687.7,425705.6,938058.25,491291.7,1427066.9,2345383.2,779719.2,837662.3,2233746.2,1693645.8,875008.94,329494.7,834183.25,383420.84,689248.9,2190221,2216088.5,481901.56,450937.56,658564.7,1650961.8,2189568.8,2296027.8,1666733.2,433964.34,820248,672278.44,457533.25,493727.97,2164995,1095648.8,703684,513450,502990.16,375115.75,599741.5,723267.1,850380.1,944780.4,642823.8,780538.5,2373294,874344.7,584889.1,926504.75,571458.6,474341.62,898429.2,518043.7,915057.1,553415.94,1027027.56,2214455,1009070.94,429464.2,1299765.4,2235503.2,5521_Massbank:EA285204 Amisulpride|4-amino-5-esyl-N-[(1-ethylpyrrolidin-2-yl)methyl]-2-methoxy-benzamide
CCMSLIB00000211544,2233,Massbank:EA282207 Amphetamine|Amfetamine|(1-methyl-2-phenyl-ethyl)amine,amphetamine,Medical,central nervous system stimulant,drug of abuse,psychostimulant,340364.34,1327798.1,819470.2,1697523.8,497329.34,1750144.6,1804009.4,2746488.8,2513957.5,1888948,1798296.2,1877696.6,1239923.1,936461.4,878235.6,697769.44,2014119.6,1946507,661710.2,1276821.2,657406.8,2200349.5,1882370.9,1898829.8,1756564.8,478205.25,729876.8,1230391.6,1236287.4,515990.1,1958461.9,2311624.2,2610642.8,434141.22,263623.22,1264028.2,848565.25,1914847.5,2072713.4,7520898,869184.7,3052987.8,2740043.5,3297566,496626.25,1735025.6,723606.5,1945929.6,2418977.8,508047.7,2435039.8,1349371.2,1982908.6,2067540.2,1631748.2,494167.44,2272146.5,2059784.5,2233_Massbank:EA282207 Amphetamine|Amfetamine|(1-methyl-2-phenyl-ethyl)amine
CCMSLIB00005754482,9392,"Massbank: Antipyrine|1,5-dimethyl-2-phenylpyrazol-3-one",antipyrine,Medical,other analgesics and antipyretics,neurology/psychiatry,pain relief,73868.11,80368.445,336208.34,2585748.8,218525.53,113357.195,40066.164,106952.05,88902.516,44526.688,32745.525,92887.41,549366.75,104489.15,645396.8,362277.06,43175.508,48760.504,478237.97,441894.28,225693.78,106826.766,37346.586,46526.594,41369.75,51362.105,763849.94,64249.445,47790.434,214041.47,50627.867,119888.3,98166.7,101782.37,217443.7,530766.94,334168.88,86026.914,78876.74,16591.531,63639.117,97977.836,98510.17,114534.06,558313,98782.49,739537.9,46298.52,111571.02,234526.67,111277.66,851903.6,123018.96,44868.656,137601.31,218858.69,58241.88,46268.797,"9392_Massbank: Antipyrine|1,5-dimethyl-2-phenylpyrazol-3-one"
CCMSLIB00005732118,19858,Massbank:EQ357803 Aspirin|Acetyl salicilic acid|2-acetyloxybenzoic acid,aspirin,Medical,anti-platelet agent|nonsteroidal anti-inflammatory drug,neurology/psychiatry|cardiology|hematology,headache|fever|pain|inflammation|myocardial infarction|stroke,625420.6,359958.34,564742.3,711055.94,22689082,2674986.8,2361584.5,828489.2,1253218.6,2669579.8,2324483.8,1615034.4,2222727,447623.12,310090.47,1322771.4,2518672.8,2546049.5,460503.9,960178.56,438793.66,1876273,2538779.2,2451475.8,3058368.8,380884.6,534972.4,1400624.1,1116521.2,22678422,2565273.8,2051009.8,941997.7,639804.44,413478.8,643735.94,519983.56,1458689.1,1192718.5,1686847.4,378520.9,1220846.8,2062838.9,1204003.1,650331.9,2241842.8,322449.8,1585167.6,1208542.6,22850912,1564914.8,488928.8,1448511.8,2577564.5,831879.1,3899019.5,2260419.5,2725960.2,19858_Massbank:EQ357803 Aspirin|Acetyl salicilic acid|2-acetyloxybenzoic acid
CCMSLIB00010135132,3183,atenolol,atenolol ,Medical,beta-adrenergic receptor inhibitor,cardiology,hypertension|angina pectoris|acute myocardial infarction,696882.75,1244750.1,2584919.5,3107351.2,1220059.6,1753040.2,1861017.6,4002374.5,4955124,1865568.2,1758908.6,4092248.5,1554773.8,2249881,1252755.1,2078981.8,1792788.5,1826433.6,1292762.6,2021402.1,2026063.4,1710802.2,1800445.5,1782204.5,1907843.8,1950519.2,2085966.8,3368364.2,1964467.8,1185898,1752596.1,4971722,3821726,1732819.6,1319524,951668.9,2086596.1,3975683.5,4571571.5,1219716.1,1861391.6,3984876.5,2221951,4206829,1556468,4812636.5,1741531.1,597406.56,4661020,1239764.6,4683287.5,1675073.6,5164905.5,1820107.5,3682797.2,1033647.44,1603629.8,1782385.4,3183_atenolol
CCMSLIB00000208983,5174,Massbank:EA069710 Atenolol acid|Metoprolol acid|4-(2-Hydroxy-3-((1-methylethyl)amino)propoxy)benzeneacetic acid,atenolol ,Drug metabolite,beta-adrenergic receptor inhibitor,cardiology,hypertension|angina pectoris|myocardial infarction,139226.34,850924.5,390931.3,272201.06,592996.6,163297.3,131281.55,282862.03,327877.03,202234.75,113869.53,343853.78,1625326.5,431481.03,524365.9,451874.03,173509.34,168066.58,518025.9,317832.28,371334.53,233669.25,163478.31,174576.27,133102.17,335066.3,512891.75,227663.89,118964.51,683214.9,324401.3,377673.88,369874.94,349918.7,315467.75,903519.94,342668.94,334763.75,347317.12,80266.7,475645.38,250818.69,149466.86,374373.62,667566.44,550210.3,367085.8,121340.02,465253.47,656339.4,302401.2,516539.88,385658.03,178435.52,458269.97,262313.66,154226.88,163359.33,5174_Massbank:EA069710 Atenolol acid|Metoprolol acid|4-(2-Hydroxy-3-((1-methylethyl)amino)propoxy)benzeneacetic acid
CCMSLIB00000208983,4838,Massbank:EA069710 Atenolol acid|Metoprolol acid|4-(2-Hydroxy-3-((1-methylethyl)amino)propoxy)benzeneacetic acid,atenolol ,Drug metabolite,beta-adrenergic receptor inhibitor,cardiology,hypertension|angina pectoris|myocardial infarction,134983.08,722861.5,283435.6,223880.69,554608.06,20626.79,70232.57,154889.69,335445.16,95699.43,15634.049,203138.22,954699.25,316161.38,440235.12,325354.47,60909.844,45699.227,397604.1,212173.03,289943.9,20415.52,63299.582,50915.97,51908.08,272612.7,387534.53,91335.18,37096.45,528030.75,124267.32,331840.06,40995.633,255238.23,237031.83,846070.4,286166.2,89266.84,266226.38,11651.166,354598.9,200682.78,55668.062,324297.44,254457.23,149855.47,291572.12,48129.527,345062.03,512549.8,330178.88,460341.94,140485.19,40746.984,342858.44,221770.45,56715.926,133046.75,4838_Massbank:EA069710 Atenolol acid|Metoprolol acid|4-(2-Hydroxy-3-((1-methylethyl)amino)propoxy)benzeneacetic acid
CCMSLIB00003139972,14610,Spectral Match to Azithromycin from NIST14,azithromycin,Medical,macrolide antimicrobial,infectious disease,pelvic inflammatory disease|pneumonia|urethritis|cervicitis|sinusitis,0,0,0,0,0,0,0,0,0,0,2753226.8,0,0,0,0,0,0,0,0,0,0,0,0,0,0,0,0,0,0,0,0,0,0,0,0,0,0,0,0,0,0,0,0,0,0,0,0,0,0,0,0,0,0,0,0,0,0,0,14610_Spectral Match to Azithromycin from NIST14
CCMSLIB00003139972,9425,Spectral Match to Azithromycin from NIST14,azithromycin,Medical,macrolide antimicrobial,infectious disease,pelvic inflammatory disease|pneumonia|urethritis|cervicitis|sinusitis,93803.59,745400.8,1511528.8,861649.1,198758.03,1166546.4,790828.9,606281.9,891015.44,1071757.4,0,2824210.5,0,1124187.5,30665.865,517141.78,829558.6,1075209.6,17448.424,87537.17,530753.6,2932092.5,873874.44,861973,1606557,552062.3,1304114.4,2265014,791128.4,167303.98,1019060.75,1193900.2,1607893.8,769454.9,599662.9,127880.234,1291977.6,3858404,1766050.6,455268.25,601823.25,1052935,2700481.2,930879.25,964905.56,2254584.2,468749.72,777455.25,1428964.2,185024.4,2724860.5,159909.16,3535290,1000863.5,2036095.2,318900.03,402020.1,896068.3,9425_Spectral Match to Azithromycin from NIST14
CCMSLIB00003138424,22561,Spectral Match to Benzyldodecyldimethylammonium from NIST14,benzalkonium,Medical|Personal Care|Industrial,antiseptics and disinfectants,NA,antiseptic,2326656.8,920728.25,1612900,2681161,1459435.9,437950.56,666119.7,722504.4,330817.44,340682.03,3325843.8,615430.4,2859258,1376865.6,2440091.5,750543.4,377990.5,318443.8,2165181.2,3438204.8,3040006.8,124551.766,389383.9,396890.62,414194.28,568863.1,946767.6,1856238.5,437166.4,1512459.1,346929.88,177799.45,260435.86,744992.56,1182140.1,699274,962944.3,1134990.4,309894.66,305956.97,1100545.6,335417,361115.75,206977.62,1549680,205750.83,1245551.9,2757546.8,777869.56,1448135.6,493256.75,2304430,635811.5,344581.53,682837.2,1088556.6,302815.5,379740.2,22561_Spectral Match to Benzyldodecyldimethylammonium from NIST14
CCMSLIB00010146750,9937,BISOPROLOL,bisoprolol,Medical,beta-adrenergic receptor inhibitor,cardiology,hypertension,135261.8,348007.56,301205.6,864829.8,257047.38,568250.3,704248.56,797675.1,841738.25,670453.4,592777.9,843466.5,281087.7,342047.4,234029.38,277582.97,661003.9,708865.1,245205.8,205654.61,233977.38,682623.94,692780.44,672385,702455.56,252075.17,312170.5,593373.2,342270.7,244722.97,668680.7,887395.1,706400.5,247199.3,187760.52,237150.25,302700.78,882380.7,821228.6,415823,240633.88,831955.3,918689.06,903515.9,262475.03,940879.56,288392.34,233660.16,989345.7,259539.1,840531.4,207910.06,1011927.94,684385.5,1113070,164625.52,565607.1,719006.5,9937_BISOPROLOL
CCMSLIB00005734033,9791,"Massbank:EQ330502 Bupivacaine|1-butyl-N-(2,6-dimethylphenyl)piperidine-2-carboxamide",bupivacaine,Medical,local anesthetic,neurology/psychiatry,peripheral nerve block|caudal epidural block|lumbar epidural block,222306.83,0,0,0,290078.22,0,0,0,0,0,0,0,102001.28,0,133162.23,0,0,0,383666.12,24618.383,0,0,0,0,0,0,0,0,0,301374.72,0,0,0,0,0,82342.46,0,0,0,0,0,0,0,0,0,0,0,0,0,283870.9,0,205679.72,0,0,0,0,0,0,"9791_Massbank:EQ330502 Bupivacaine|1-butyl-N-(2,6-dimethylphenyl)piperidine-2-carboxamide"
CCMSLIB00000207393,12701,"Massbank:EA019410 Carbamazepine|5H-Dibenz[b,f]azepine-5-carboxamide|11-benzo[b][1]benzazepinecarboxamide",carbamazepine,Medical,mood stabilizer,neurology/psychiatry,seizures|trigeminal neuralgia,378243.56,903630.3,1283558,1522880,902642.6,1571629.5,1794632.6,1361172.5,1460583.4,1676851.4,1643114.8,1791700,721635.1,1389192.6,610943.25,1269788.2,1687561.2,1767155.5,741963.1,685858.5,1099742.8,1825992.6,1769992.4,1685268.1,1745202.5,1096773.5,1424990.1,1139498.2,591999.75,926717.1,1655936.9,1827276.2,1663281.6,1129329,989176.8,661803.94,1173110.8,1875107.9,1774374.8,1125393.5,939914.44,1566196.8,2149999.8,1677648.2,964342.06,1750650.4,946273.8,731347.94,1988201.8,932988.1,1675476.2,839637.6,2013522,1707810.8,1982157.1,489497.25,1641494.5,1746185.4,"12701_Massbank:EA019410 Carbamazepine|5H-Dibenz[b,f]azepine-5-carboxamide|11-benzo[b][1]benzazepinecarboxamide"
CCMSLIB00000210299,11897,"Massbank:EA270110 10,11-trans-Dihydroxy-10,11-dihydrocarbamazepine|(5S,6S)-5,6-bis(oxidanyl)-5,6-dihydrobenzo[b][1]benzazepine-11-carboxamide",carbamazepine,Drug metabolite,mood stabilizer,neurology/psychiatry,seizures|trigeminal neuralgia,102300.55,516463.78,597969.06,689788.06,335498.97,707978.1,786209.6,799802.75,927398.5,571677.25,551778.7,1000442.75,334523.6,542262.5,281568.56,490869.2,561591.2,575577.7,280465.84,338398.53,445005.84,642094.6,564867.2,625234.9,812407.94,415172.47,592924.1,642516.3,352655.44,366223.62,561511.5,1002023.5,944417.44,470603.1,319033.8,235224.83,459162.3,1109680.5,1031149.9,516211.4,412207.16,855063.2,1046257.44,1026783.7,383515.88,985202,472152.84,360391.62,1076039.1,378958.16,919755.25,385307.62,1163300.1,572049.1,1120508,206920.45,776675.3,597696.25,"11897_Massbank:EA270110 10,11-trans-Dihydroxy-10,11-dihydrocarbamazepine|(5S,6S)-5,6-bis(oxidanyl)-5,6-dihydrobenzo[b][1]benzazepine-11-carboxamide"
CCMSLIB00005734516,8894,"Massbank:EQ301502 Celiprolol|3-[3-acetyl-4-[3-(tert-butylamino)-2-hydroxy-propoxy]phenyl]-1,1-diethyl-urea",celiprolol,Medical,"beta blocking agents, selective",genetics|cardiology,Ehlers-Danlos syndrome (EDS)|hypertension|angina pectoris,144681.06,0,0,30838.615,29383.717,0,0,6994.4614,9599.081,0,0,0,0,0,0,0,0,0,0,0,0,0,0,0,0,0,0,8650.365,6759.188,25348.422,0,28383.18,0,0,0,0,0,0,9117.844,0,0,0,0,5534.4395,0,0,0,0,0,27616.76,6888.423,0,7113.6123,0,46321.1,0,0,0,"8894_Massbank:EQ301502 Celiprolol|3-[3-acetyl-4-[3-(tert-butylamino)-2-hydroxy-propoxy]phenyl]-1,1-diethyl-urea"
CCMSLIB00010152336,25916,Cetalkonium,cetalkonium,Medical,no_match,NA,NA,338083.53,144809.28,252226.58,266941.97,161385.34,28491.873,54802.035,47215.42,23369.934,24784.707,283752.5,73755.17,357577.28,338223.3,237726.03,124339.35,19391.531,10667.536,272968.16,366297.88,376991.38,0,11926.461,21488.473,20208.158,145180.02,137339.84,0,54193.156,172516.53,8545.281,0,19579.375,103484.45,165869.31,94877.734,241577.14,65925.97,9878.3,11906.355,280675.06,9061.745,0,0,358431.03,0,186408.81,44008.582,41690.023,154523.44,26655.615,270480.3,77466.35,9680.464,76098.04,115677.93,0,36031.637,25916_Cetalkonium
CCMSLIB00000212101,11338,Massbank:EA290104 Citalopram|1-[3-(dimethylamino)propyl]-1-(4-fluorophenyl)-3H-2-benzofuran-5-carbonitrile,citalopram,Medical,selective serotonin reuptake inhibitor (SSRI),neurology/psychiatry,depression,40994.54,235696.66,140031.78,282102.1,128851.805,198251.4,237804.61,271689.28,159392.1,178121.48,453189.94,181792.48,77202.125,222971.8,59087.598,141825.08,184244.88,173401.27,110573.78,95291.97,124598.14,354198,175005,196343.7,167024.58,162345.88,178275.83,102653.58,90214.55,123454.07,160861.47,138789.17,94772.17,128507.25,112569,107034.34,157929.66,152814.55,82380.72,135217.92,129574.09,99261.39,196432.4,107621.12,189035.4,84917.484,125565.36,56928.59,163425.7,122996.68,149309.55,126391.67,218830.44,184541.44,346052.12,109355.6,164162.77,178619.52,11338_Massbank:EA290104 Citalopram|1-[3-(dimethylamino)propyl]-1-(4-fluorophenyl)-3H-2-benzofuran-5-carbonitrile
CCMSLIB00000211410,7365,"Massbank:EA281710 Cocaine| (1S,3S,4R,5R)-3-benzoyloxy-8-methyl-8-azabicyclo[3.2.1]octane-4-carboxylic acid methyl ester",cocaine,Medical,central nervous system stimulant,drug of abuse,psychostimulant,225514.17,86037.85,506262.72,1536964.9,25310.61,1357200.9,3347993.8,2329207.8,1929427.8,2848658,2997061.5,1382397.9,66217.68,730769.4,342823.16,427525.28,3014367.5,2934813,266878.72,331121.03,349876.88,2012871.4,2965495.5,3050422.2,2155293.5,658687.3,483242.1,1776219.2,943387.3,21706.162,2907402.2,2946736.5,1111179.6,641483.25,370917.16,35494.562,675763,1223991.9,1349608.6,2231132,222893.53,1483622.6,2590638.8,1893077.8,464586.16,1909177.2,459407.72,649914.75,1809637.9,15868.026,1673889,374996.1,2198719.5,3030868.8,2306237.2,252335.95,3084203.5,3031737.2,"7365_Massbank:EA281710 Cocaine| (1S,3S,4R,5R)-3-benzoyloxy-8-methyl-8-azabicyclo[3.2.1]octane-4-carboxylic acid methyl ester"
CCMSLIB00005762577,2524,Massbank:LU051102 Cotinine|(5S)-1-methyl-5-pyridin-3-ylpyrrolidin-2-one,cotinine,Medical,no_match,NA,NA,1301473.1,504632.78,3365093.5,14365576,810362.3,10402090,12855614,13511558,14495933,12633885,11670341,14793724,3176682.8,4806644,2788700.5,3345167.2,12445737,12644671,1734230.8,5819286.5,3314743,11875734,12428451,12671940,12161638,1818987.2,2790540.8,13892199,5108512.5,893543.2,12531150,16303916,14946098,2767483.8,2235607.5,2147967,3680431.8,16054056,16308355,9654877,1922890.4,16930976,14399996,16060490,2532214.8,12631457,2658016,4687205,15336827,738961.06,16892830,4431298,14552648,12463452,13474622,1384971.8,12286551,12562242,2524_Massbank:LU051102 Cotinine|(5S)-1-methyl-5-pyridin-3-ylpyrrolidin-2-one
CCMSLIB00006121191,888,Cytidine - 30.0 eV,cytarabine,Medical,nucleoside metabolic inhibitor,hematologic malignancy,acute lymphoblastic leukemia (ALL)|chronic lymphocytic leukemia (CLL)|acute myeloid leukemia (AML)|non-Hodgkin lymphoma (NHL),0,0,0,0,69488.13,1083592.2,844037.3,0,0,691497.06,810772,0,0,0,167568.06,0,653844.25,709228.5,33520.28,0,0,52837.18,674880.9,668547,750737.94,0,0,0,147997.97,75095.66,634885.1,22885.488,0,109345.84,219896.22,59494.867,0,48028.285,0,844355.8,0,0,703816.06,0,0,423527.34,0,669297.25,0,58757.95,0,380516.25,0,677198.8,0,178532.61,774322.56,652780.75,888_Cytidine - 30.0 eV
CCMSLIB00005734048,18697,"Massbank:EQ301602 Darunavir|N-[(1S,2R)-1-benzyl-2-hydroxy-3-[isobutyl(sulfanilyl)amino]propyl]carbamic acid [(3aS,4R,6aR)-2,3,3a,4,5,6a-hexahydrofuro[2,3-b]furan-4-yl] ester",darunavir,Medical,HIV protease inhibitor,infectious disease,human immunodeficiency virus (HIV-1),17900.008,170974.44,70387.8,273210.94,61255.066,247669.2,349015.72,345132.7,374701.06,320648.5,359386.25,336253.3,20714.25,110807.58,13538.76,113255.27,368670.5,343342.7,89610.055,62716.02,78513.35,282713.8,331200.4,333435.94,253858.5,105895.73,74663.09,289938.6,171632.3,67027.74,325827.28,383338.88,245460.56,81992.91,69506.54,44313.363,113014.32,329853,390528.56,180470.5,60302.64,360567.78,356010.25,339240.53,69585.2,384547.56,59987.438,151230.5,395924.9,59590.527,416703.4,51855.816,368028.5,356291.38,397555.62,45088.516,272269.94,334794.38,"18697_Massbank:EQ301602 Darunavir|N-[(1S,2R)-1-benzyl-2-hydroxy-3-[isobutyl(sulfanilyl)amino]propyl]carbamic acid [(3aS,4R,6aR)-2,3,3a,4,5,6a-hexahydrofuro[2,3-b]furan-4-yl] ester"
CCMSLIB00004679248,7135,Dextrorphan,dextromethorphan,Medical|Drug metabolite,opioid agonist|uncompetitive NMDA receptor antagonist|sigma-1 agonist,neurology/psychiatry|pulmonary,pain|cough suppressant,36681.832,597252.75,256879.53,232254.06,71274.34,402081.62,303831.7,84330.42,105960.14,120057.234,205321.22,547944.7,19060.178,189819.38,32624.064,417830.6,116630.61,125440.29,57361.51,67858.51,343812.66,291332.72,111610.84,118959.39,112272.195,359869.88,219944.19,351317.94,61873.223,84251.48,119831.05,128341.99,635971,263284.75,185852.6,48976.566,209069.67,342176.7,631891,33150.66,474232.38,107008.47,420631.2,113898.05,229210.11,168096.05,125630.02,0,224024.86,87829.13,294201.22,47707.4,582278.06,113126.766,935020.1,82223.77,62747.05,113378.82,7135_Dextrorphan
CCMSLIB00000566732,4407,MoNA:662581 BW-524W91,emtricitabine,Medical,HIV nucleoside analog reverse transcriptase inhibitor (HIV NRTI),infectious disease,human immunodeficiency virus (HIV-1),18836.521,111423.28,108705.12,609144.8,56206.28,203877.39,270950.34,573336.25,616430.4,345517.66,304171.44,641146,74423.086,146169.12,48487.21,98995.02,368900.25,365186.97,62862.715,113780.46,90183.21,244523.77,344754.78,338375.3,228132.7,127074.12,137511.4,503176.4,261154.06,51787,351292.8,698461.4,601105.3,86360.63,43845.3,50164.633,110401.87,651889.44,686636.5,203492.94,137898.78,603915.44,328325.28,722918.44,90911.984,589120.3,108164.04,58305.81,721801.9,63905.42,649174.06,71085.84,732829.9,347634.47,730237.06,49544.37,244597.61,333902.66,4407_MoNA:662581 BW-524W91
CCMSLIB00000579632,12460,2357_Enalapril,enalapril,Medical,angiotensin converting enzyme inhibitor,cardiology|nephrology,hypertension|congestive heart failure|diabetic nephropathy|chronic kidney disease,77228.99,5994.289,653630.25,584419.06,10976.855,413714.66,507168.84,1241705,1337086.9,489021.7,513038.6,1356055.4,216440.81,452499.16,193063.69,364642.7,532454.1,525839.3,170048.38,335262,356279.66,359933.75,528699,494929.22,552016.1,401089.53,389138.75,943344.8,583168.6,7410.59,525576.94,1644781.8,1261435.8,287529.44,146469.39,47537.016,367593.88,1443838.5,1315673.5,357931.78,385284.28,1292635.6,557748.1,1496143.9,178616.86,1319642.5,307874.9,273912.72,1569849.9,11225.508,1178108.4,283888.7,1582865.1,526729.94,794381.25,111789.54,491592.62,518679.78,12460_2357_Enalapril
CCMSLIB00005775250,7021,Massbank:AU285903 Phenylbenzimidazole sulfonic acid|Ensulizole|2-phenyl-3H-benzimidazole-5-sulfonic acid,ensulizole,Medical|Personal Care,no_match,dermatology,sunscreen lotion,98004.125,128488.99,153205.4,119987.984,254361.22,296208.8,367316.97,483413.3,971686.5,367304.7,654587.44,356733.16,353395.34,338349.66,301957.44,172435.36,359062.7,339793.75,408546.8,292429.75,119006.41,173501.47,352135.75,342761.53,609880.9,198360.58,258218.72,389949.78,196108.75,257792.56,348620.25,1176616,335916.9,89193.09,78875.4,208463.94,277870.8,357824.84,422788.8,249570.45,139240.25,452749.06,206436.31,1712553.8,67812.664,876767.44,283206.5,206766.39,657855.5,250492.7,736916.56,421969.8,359467.72,371254,280074.16,118626.03,585645.5,362100.72,7021_Massbank:AU285903 Phenylbenzimidazole sulfonic acid|Ensulizole|2-phenyl-3H-benzimidazole-5-sulfonic acid
CCMSLIB00000210889,12573,Massbank:EA277604 Eprosartan|4-[[2-butyl-5-[(E)-3-hydroxy-3-keto-2-(2-thenyl)prop-1-enyl]imidazol-1-yl]methyl]benzoic acid,eprosartan,Medical,angiotensin II receptor blocker,cardiology|nephrology,hypertension|congestive heart failure|chronic kidney disease|diabetic nephropaty,98594.04,213732.45,237758.47,196058.38,146932.31,565233.1,1205606.4,385995.47,432003.28,777225.1,587543.56,471634.28,219765.88,317327.9,182540.12,327973.97,766694.06,766052.94,222775.25,297576.25,266183.28,737043.44,757443.2,726179.9,886524.06,236221.8,272860.6,248075.64,183879.8,157460.23,771007.2,486951.3,424099.84,359161.47,168355.84,185738,261313.77,454596.6,512891.62,262561.4,263000.72,395755.62,784660.25,459206.44,149395.53,475193.03,330469.44,282617.97,532993.5,150361.78,421965.78,236371.06,532004.1,709774.25,322165.47,136462.53,663609.25,809478.25,12573_Massbank:EA277604 Eprosartan|4-[[2-butyl-5-[(E)-3-hydroxy-3-keto-2-(2-thenyl)prop-1-enyl]imidazol-1-yl]methyl]benzoic acid
CCMSLIB00005774372,12726,"Massbank:AU228206 10,11-Dihydro-10-Hydroxycarbazepine|Licarbazepine|5-hydroxy-5,6-dihydrobenzo[b][1]benzazepine-11-carboxamide",eslicarbazepine acetate,Medical,antiepileptic drug (AED),neurology/psychiatry,seizures,437735.9,1055405.1,1579908.1,1876948.6,1016950.44,1882501.2,2221069.5,1732835.8,1838475.6,2017445.1,2026290.2,2173978.8,830618.75,1712332.9,782271.4,1510125.5,2086898,2131545,887231.9,808638.4,1270623.1,2014878,2153202.2,2023187.8,1979630.1,1286174.1,1714085.8,1471467,753444.25,1051487.4,2103262.8,2136525.2,1949054.9,1409371.4,1157263.2,830846.75,1459172.8,2373638.8,2239148.8,1384797.4,1070399.9,1982136.6,2558718.8,1991209.1,1154145.6,2200759,1197133.5,946901.9,2448776.2,1051272.4,1974195,974675.9,2444853.5,2061189.5,2504822.5,623261.8,2146073.5,2131866.5,"12726_Massbank:AU228206 10,11-Dihydro-10-Hydroxycarbazepine|Licarbazepine|5-hydroxy-5,6-dihydrobenzo[b][1]benzazepine-11-carboxamide"
CCMSLIB00000208433,24300,Massbank:EA033710 Fenofibric acid| 2-[4-(4-chlorobenzoyl)phenoxy]-2-methyl-propionic acid,fenofibric acid,Medical,fibrates|peroxisome proliferator-activated receptor (PPAR) alpha agonist,cardiology|endocrinology,hypertriglyceridemia|hypercholesterolemia|hyperlipidemia,99434.48,374687.62,512393.34,1157465.6,291358.5,686786.2,944944.4,905483.6,982842.75,882517.75,832883.94,1156592.9,346293.94,540513.6,215047.27,495335.25,872755.06,891369.2,290464.25,318634.75,396237.06,1132928.8,855439.06,861456.56,869792,379858.88,497804.12,877008.06,425713.9,322468.5,873913.75,1316979,1167617.4,396186.4,241814.22,209570.89,464910.4,1329604.9,1357271.6,526797.75,414685.34,895130.9,1364906.8,1098029.8,265502.66,1280615.6,390531.7,420452,1374212.1,319779.5,1219085.5,328677.88,1407218.9,877635.3,1493182.6,204079.92,685272.5,859895.25,24300_Massbank:EA033710 Fenofibric acid| 2-[4-(4-chlorobenzoyl)phenoxy]-2-methyl-propionic acid
CCMSLIB00010135691,11491,flecainide,flecainide,Medical,antiarrhythmic,cardiology,ventricular tachycardia (VT)|atrial fibrillation (AF)|ventricular arrhythmias,116877.95,597396.7,365580.84,803102.56,295314.53,279390.47,306986.34,801500.1,661695,327785.25,447180.97,672901.1,251445.78,461236.34,207147.34,362263.9,316472.75,297071.44,228363.31,276628.8,311203.12,269310.2,294763.94,314486.1,394287.28,304550,381187.03,498254.38,310271.12,313754.16,315936.56,714523.6,589352.1,313138.34,259228.11,254122.88,363672.66,675468.94,615398.94,178458.62,346975.56,598074.75,389921.94,589058.1,401699.28,609644.44,276592.7,129577.164,743792.9,295526.97,682751,309219.88,787504.44,323652.47,1077034.8,207516.1,300817.4,316138.84,11491_flecainide
CCMSLIB00005732744,8545,"Massbank:EQ364102 Florfenicol|2,2-dichloro-N-{3-fluoro-1-hydroxy-1-[4-(methylsulfonyl)phenyl]propan-2-yl}acetamide|2,2-dichloro-N-[3-fluoro-1-hydroxy-1-(4-methylsulfonylphenyl)propan-2-yl]acetamide",florfenicol,Medical,amphenicol class antibacterial|veterinary,infectious disease,bovine respiratory disease (BRD),0,0,0,0,0,0,0,0,0,0,0,0,19914572,0,0,0,0,0,0,0,0,0,0,0,0,0,0,0,0,0,0,0,0,0,0,7091525,0,0,0,0,0,0,0,0,0,0,0,0,0,0,0,0,0,0,0,0,0,0,"8545_Massbank:EQ364102 Florfenicol|2,2-dichloro-N-{3-fluoro-1-hydroxy-1-[4-(methylsulfonyl)phenyl]propan-2-yl}acetamide|2,2-dichloro-N-[3-fluoro-1-hydroxy-1-(4-methylsulfonylphenyl)propan-2-yl]acetamide"
CCMSLIB00012723540,8514,related spectra of 'florfenicol (Delta Mass:-18.01)',florfenicol,Drug_analog,amphenicol class antibacterial|veterinary,infectious disease,bovine respiratory disease (BRD),0,0,0,0,0,0,0,0,0,0,0,0,12650251,0,0,0,0,0,0,0,0,0,0,0,0,0,0,0,0,0,0,0,0,0,0,4778345.5,0,0,0,0,0,0,0,0,0,0,0,0,0,0,0,0,0,0,0,0,0,0,8514_related spectra of 'florfenicol (Delta Mass:-18.01)'
CCMSLIB00005732925,26507,"Massbank:EQ307102 Gemfibrozil|5-[(2,5-dimethylphenyl)oxy]-2,2-dimethylpentanoic acid|5-(2,5-dimethylphenoxy)-2,2-dimethyl-pentanoic acid",gemfibrozil,Medical,peroxisome proliferator-activated receptor (PPAR) alpha agonist,endocrinology|cardiology,hyperlipidemia|coronary heart disease,69815.07,214851.88,334457.25,605307.7,190415.23,126397.31,261630.75,335658.34,379679.66,174096.5,276151.53,386903.03,196361,359074.25,134611.56,283828.53,188144,195904.69,176348.05,179855.14,212545.83,270735.6,189329.94,190394.88,237289.62,174969.02,280192.72,335333.28,210541.17,186289.95,194929.02,348276.8,371184.3,251809.56,141667.23,129522.664,289454.75,408242.16,414495.5,145187.9,171732.8,319913.53,226760.28,380037.6,180335.19,362299.75,233379.8,141311.4,436202.88,206089.72,453456,214428.8,397407.7,186278.6,585157.9,120809.67,226883.16,187797.14,"26507_Massbank:EQ307102 Gemfibrozil|5-[(2,5-dimethylphenyl)oxy]-2,2-dimethylpentanoic acid|5-(2,5-dimethylphenoxy)-2,2-dimethyl-pentanoic acid"
CCMSLIB00006678502,9106,HYDROQUINONE,hydroquinone,Medical,melanin synthesis inhibitor,dermatology,dyschromia,31774.412,32626.125,34075.938,31239.168,48979.156,11099876,1563835.5,65134.82,17217.518,23429.086,10351.425,25258.195,120205.66,41084.54,397241.97,68418.625,40395.49,33047.242,42224.062,22181.422,24002.04,30991.33,10604.926,18339.35,34037.727,8780.81,25347.838,16181.135,176945.12,84950.96,10874.56,8485.84,63334.363,26133.059,10193.93,214996.22,17582.873,142404.25,10769.785,17875272,30871.793,57390.824,11245.217,16709.387,41828.926,15794.386,43662.035,191039.28,44903.33,110627.1,35682.08,88538.4,9323.002,11342.52,25407.85,108760.46,27497.988,21356.662,9106_HYDROQUINONE
CCMSLIB00006678502,3662,HYDROQUINONE,hydroquinone,Medical,melanin synthesis inhibitor,dermatology,dyschromia,201784.33,53287.684,253312.11,397252.22,60855.594,485703.84,800895.56,499699.53,593779.2,828593.06,658303.25,701072.75,134029.6,321795.9,177860.88,244507.8,751718.5,706960.25,114704.086,70938.93,216861.42,467639.06,721782.94,869541,725891.1,220704.86,154519.9,529239.8,222401.83,22476.332,683956.2,236713.22,742300.75,156619.34,155815.39,24768.035,213762.2,939975.94,844268.4,350753.06,263805.78,703463,724251.6,503855.56,78646.53,735039.75,191143.77,388792.06,626923.25,33191.8,582800.2,289700.03,805047.25,888592.94,643954.06,124651.86,537085.75,786890.8,3662_HYDROQUINONE
CCMSLIB00006678502,13122,HYDROQUINONE,hydroquinone,Medical,melanin synthesis inhibitor,dermatology,dyschromia,5107.1377,0,0,6779.903,5404.1133,4526931,421382.7,11337.142,0,0,0,9441.769,10476.223,8362.072,0,0,19586.316,0,0,0,0,10587.463,31158.098,19839,10470.248,0,0,7603.179,15252.445,0,18102.932,7894.4126,0,0,0,5026.873,0,0,0,8846324,0,29807.648,0,0,0,0,0,0,0,0,8379.801,0,9511.165,9261.209,8055.132,0,0,11464.109,13122_HYDROQUINONE
CCMSLIB00006678502,25810,HYDROQUINONE,hydroquinone,Medical,melanin synthesis inhibitor,dermatology,dyschromia,0,0,0,0,0,0,12232.509,0,0,0,0,0,0,0,0,4691.6353,0,0,0,0,0,0,11497.273,0,0,0,4512.155,2824494.5,0,0,0,0,0,0,0,0,11067.521,0,0,10302.579,0,0,0,0,4935.159,0,0,7640.1885,0,0,0,0,0,11083.934,0,0,0,0,25810_HYDROQUINONE
CCMSLIB00012723592,5695,"""related spectra of 'hydroxychloroquine (Delta Mass:13.98)', 'chloroquine (Delta Mass:29.97)'""",hydroxychloroquine|chloroquine,Drug_analog,antirheumatic|antimalarial,infectious disease|rheumatology,malaria|rheumatoid arthritis|lupus|amebiasis,8532.341,63112.562,123981.375,212406.89,102161.79,17222.129,380774.12,71734.6,82045.984,129146.4,272509.38,195648.97,0,178082.38,4473.433,80998.27,169611.92,143710.47,45277.816,0,53595.777,359300.28,159672.86,140678.28,210917.36,28026.064,281463.1,196624.62,75844.59,110853.97,146127.02,90149.29,40472.465,45091.477,65998.7,31789.865,168807.88,235836.73,103398.74,29635.748,9950.607,66753.414,315570.3,81608.83,209129.56,166994.19,104828.48,0,188641.9,117288.83,265079.9,70266.84,203530.16,137332.83,239703.88,77359,98273.86,169872.17,"5695_""related spectra of 'hydroxychloroquine (Delta Mass:13.98)', 'chloroquine (Delta Mass:29.97)'"""
CCMSLIB00010140817,20427,Icaridin,icaridin,Medical,no_match,no_match,no_match,65807.945,6553.2,62730.89,7700560.5,71284.484,553221,244596.33,1052741.1,816795.7,120305.33,276483.78,325454.94,128930.56,66230.07,193096.19,52876.324,166385.47,450097.84,124967.76,190622.86,44931.168,97281.125,177159,187778.16,200937.16,55170.18,36049.45,226638.11,152904.28,70617.37,470363.53,8969757,302796.66,32634.15,10495.869,60453.14,46090.605,236765.52,269217.56,1179517.4,52257.035,762685.4,182179.97,986296.44,25780.324,520970.5,167995.23,79809.33,277815.5,70621.984,292169.62,307192.03,271357.25,153862.2,152139.66,101904.58,594409.06,180015.61,20427_Icaridin
CCMSLIB00000210860,20098,"Massbank:EA277404 Irbesartan|8-butyl-7-[4-[2-(2H-tetrazol-5-yl)phenyl]benzyl]-7,9-diazaspiro[4.4]non-8-en-6-one",irbesartan,Medical,angiotensin II receptor blocker,cardiology|nephrology,hypertension|congestive heart failure|chronic kidney disease|diabetic nephropaty,51771.08,149402.67,322610.78,285076.28,123934.234,213069.89,309980.66,606369.2,758447,300817.8,324702.75,736048.25,137034.38,310792.03,118912.89,339616.53,318347.97,286772.22,134438.86,188289.16,233898.28,279271.03,316272.6,281267.78,318103.72,236691.11,265062.1,476206.88,329683.16,83726.266,282079.4,726004.9,659608.6,189119.95,161318.75,73747.78,217816.92,694720.5,795793.9,147186.69,225036.97,712182.8,376142.4,804785,145107.05,859769.4,240227.02,133119.06,791122.25,80290.86,752695.6,178119.83,710882.56,330610.16,523721.34,122304.93,251400.03,302865.38,"20098_Massbank:EA277404 Irbesartan|8-butyl-7-[4-[2-(2H-tetrazol-5-yl)phenyl]benzyl]-7,9-diazaspiro[4.4]non-8-en-6-one"
CCMSLIB00012724899,16030,"""related spectra of 'Massbank:EA277403 Irbesartan|8-butyl-7-[4-[2-(2H-tetrazol-5-yl)phenyl]benzyl]-7,9-diazaspiro[4.4]non-8-en-6-one (Delta Mass:15.995)'""",irbesartan,Drug_analog,angiotensin II receptor blocker,cardiology|nephrology,hypertension|congestive heart failure|chronic kidney disease|diabetic nephropaty,50036.53,46411.977,267535.88,291030.44,80975.71,254446.89,311547.75,627537.25,663533.56,298772.22,295558.72,658026,70469.36,272939.06,106498.875,214214.95,318046.06,293498.56,88617.016,132503.9,169894.2,239405.83,285733.22,325967.53,365726.4,135144.38,212137.14,413520.3,332285.97,75209.44,281906.25,744149.4,577646,139054.08,117569.19,43158.96,171261.81,689089.44,673994.7,159064.55,117746.57,656598.3,357449.2,711792.25,120768.055,733767.5,177706.33,157806.7,792910.4,81299.36,657269.06,145666.97,763408.5,282637.94,496637.62,87465.77,238942.97,290739.78,"16030_""related spectra of 'Massbank:EA277403 Irbesartan|8-butyl-7-[4-[2-(2H-tetrazol-5-yl)phenyl]benzyl]-7,9-diazaspiro[4.4]non-8-en-6-one (Delta Mass:15.995)'"""
CCMSLIB00000211658,6593,Massbank:EA282610 Ketamine|2-(2-chlorophenyl)-2-(methylamino)-1-cyclohexanone,ketamine,Medical,general anesthetic,neurology/psychiatry,anesthesia,0,19777.756,0,2016261.6,0,77097.28,61265.582,299303.53,351466.88,177541.3,62348.742,283810.34,0,0,0,0,172883.66,174783.83,0,0,0,152030.73,175955.42,176233.86,102071.34,0,0,350663.22,138670.75,0,180443.5,374382.12,426118.22,0,0,2951.9614,0,248930.02,394030.97,34867.17,0,281825.88,124410.61,331938.22,0,256369.11,0,0,370993.25,0,284035.78,0,298673.47,162373.42,522207,0,814060.2,197004.44,6593_Massbank:EA282610 Ketamine|2-(2-chlorophenyl)-2-(methylamino)-1-cyclohexanone
CCMSLIB00000207504,20390,Massbank:EA020504 Ketoprofen|2-(3-benzoylphenyl)propanoic acid,ketoprofen,Medical,nonsteroidal anti-inflammatory drug,rheumatology|neurology/psychiatry,rheumatoid arthritis|osteoarthritis|dysmenorrhea|muscle pain,166415.88,566609.6,410089.25,985152.75,384389.2,840731.9,773045.9,1083263,1143867.6,990668.25,710814.06,1345063,1159763.8,408403,446891.62,465185.75,1019958.44,1018189.6,352795.84,329747.88,350929.28,804141.7,1013620.5,992729.3,918323.25,410192.44,418179.03,1100678,511564.7,365557.25,1024803.9,2233739.2,1186680.9,307081.5,184643.86,546822.3,402509.03,2135862.5,957783.2,771386.25,603831.2,1309150.5,986468.4,1395760.9,251187.39,1047502.4,406871.97,487516.7,1339276.6,363974.84,981752.75,545496.8,1309424.5,1003958.2,1064998.5,228528.14,1040306.1,1009550.8,20390_Massbank:EA020504 Ketoprofen|2-(3-benzoylphenyl)propanoic acid
CCMSLIB00005734428,9696,Massbank:EQ362703 Lacosamide|N2-Acetyl-N-benzyl-O-methyl-D-serinamide|2-acetamido-N-benzyl-3-methoxypropanamide,lacosamide,Medical,other antiepileptics,neurology/psychiatry,seizures,36780.453,178925.34,171122.11,399849.66,152392.69,334001.25,278977.25,307981.28,351505.06,303427.25,244998.81,391797.8,91480.375,125286.336,107393.836,100710.3,307185,310308.6,93144.414,117895.01,111591.84,279050.84,308424.03,314403.97,301396.12,56591.562,159108.34,246749.38,128320.81,152986.47,298670.84,395197.75,325527.34,86279.26,72445.53,125089.086,111834.57,404107.84,360145.2,305665.94,101324.86,416139.97,343183.16,373761.78,165348.16,381760.97,105154.27,108084.9,401445.44,151429.56,372944.66,102408.91,429346.97,288939.06,435704.34,56268.367,358508.16,326835,9696_Massbank:EQ362703 Lacosamide|N2-Acetyl-N-benzyl-O-methyl-D-serinamide|2-acetamido-N-benzyl-3-methoxypropanamide
CCMSLIB00000209604,5770,Massbank:EA256405 Levetiracetam|(2R)-2-(2-ketopyrrolidino)butyramide,levetiracetam,Medical,other antiepileptics,neurology/psychiatry,seizures,525288.94,1140242.8,2185733,4416766.5,719089.6,4815624,4924596.5,4433260.5,4524817,4927448,3759577.5,3815696,1086987.6,2334171,994938.8,1758004.9,4824409,4998461.5,982147.1,1113577.1,1570031.5,4558304.5,4955093.5,4826064,5190122,1280996.4,1803347.2,2251874,1992753.9,717834.6,4944737,3477942.8,3629759,1405428.2,967891.56,450176.3,1620063.5,3760871.5,3234432.5,3713944,1829629.5,4486418.5,6326583.5,4833331,1507489.5,4287597.5,1451477.8,2001624.9,4335039,752894.75,3208822.8,1359385.2,4182088.5,4968532,2597970.5,795681.25,3971058.8,5024087.5,5770_Massbank:EA256405 Levetiracetam|(2R)-2-(2-ketopyrrolidino)butyramide
CCMSLIB00000209699,5473,"Massbank:EA257209 Lidocaine|2-(diethylamino)-N-(2,6-dimethylphenyl)acetamide",lidocaine,Medical,antiarrhythmic|local anesthetic,neurology/psychiatry|cardiology,itching|ventricular arrhythmia|pain|anesthesia,6333729.5,1264128.6,561704.6,857608.4,6773474.5,505198.34,335120.53,1336697.6,1851037.5,588341,748953.5,966458.7,7689691.5,906657.44,7514177.5,564090.1,585505.94,597318.2,6468008.5,2987865,575766.06,371338.66,579183.4,585827.1,413442.1,553008.75,624002.94,1063746.9,484039.03,6898796.5,591149.7,1618973.2,988228.56,436294.84,326215.16,4047615.8,614628.5,1286359.5,1010357.56,378132.9,693763.25,1447631.8,537293.44,1468430.8,699352.2,1075581.2,1227969.6,422989.94,1198040.4,7024933,1056650,7209136.5,1227614.2,594523.6,1414753.9,1450073.2,724102.6,584336.7,"5473_Massbank:EA257209 Lidocaine|2-(diethylamino)-N-(2,6-dimethylphenyl)acetamide"
CCMSLIB00010138466,5036,lincomycin,lincomycin,Medical,lincosamide antibacterial,infectious disease,gram-positive bacterial infections,7055.1436,0,0,5219.49,8381.086,9160.398,0,0,0,9805.192,10271.162,0,1542098.5,0,38193.145,0,21733.957,11742.97,32916.246,10058.727,0,0,10877.057,0,124996.15,0,0,0,0,12427.879,8685.256,0,0,0,0,641352.2,0,0,0,0,0,0,63274.492,0,0,0,0,19446.121,0,9975.389,0,12300.811,0,15363.303,0,0,0,9935.278,5036_lincomycin
CCMSLIB00003061260,19383,Losartan,losartan,Medical,angiotensin II receptor blocker,cardiology|nephrology,hypertension|diabetic nephropathy,108755.24,306359.53,496532.75,818926.2,320740.78,730287,867560.6,1640640.1,2072349.9,839241.1,1047962.44,1836059.2,324776.97,525918.1,249146.2,492532.84,910427.44,869209.8,315766.16,326485.4,394743.9,819923.44,881463.25,897906.75,859737.4,533641.44,472148.94,1253086.2,828270.6,322095.03,893009.2,2194590.2,1827004.8,380042.34,224643.72,262819.03,455536.2,1965349.2,2180508,516037.1,439473.88,1739808.1,1010568.4,2101471.2,226419.53,2092242.1,388058.78,640630,2291146.2,293075.2,1997155.2,382305.22,2047086.5,928823.25,1363822.9,239894.81,790677.9,891028.4,19383_Losartan
CCMSLIB00012723924,21101,"""related spectra of 'losartan (Delta Mass:13.98)', 'losartan (Delta Mass:31.99)'""",losartan,Drug_analog,angiotensin II receptor blocker,cardiology|nephrology,hypertension|diabetic nephropathy,51964.043,159227.23,206306.86,349935.97,161377.52,309443.16,378333.06,750380.2,880227.56,341425.7,348002.12,761656.25,184727.36,243809.55,146426.42,228641.72,362931.06,383445.75,192534.12,127219.14,172357.75,331044.03,391455.25,351863.53,296026.06,183545.97,199876.16,474016.8,362629.1,157065.45,373371.84,884457.1,699147.25,163168.1,97130.19,108980.67,198962.11,830562,752732.8,198423.6,198164.56,805865.5,398083.38,854715.3,116587.46,788381,199553.55,161959.28,976153.94,162283.28,786598.7,199738.53,891457.1,385922.75,596772,100883.336,315047.8,352774.66,"21101_""related spectra of 'losartan (Delta Mass:13.98)', 'losartan (Delta Mass:31.99)'"""
CCMSLIB00012724652,17396,related spectra of 'Losartan carboxaldehyde [EXP3179] (Delta Mass:18.01)',losartan,Drug_analog,angiotensin II receptor blocker,cardiology|nephrology,hypertension|diabetic nephropathy,41109.008,148631.89,206442.94,359020.56,124916.375,287047.53,337044.56,765383.8,767255.94,378772.34,388373.38,790065.25,139626.16,212160.16,100140.14,191291.17,393668.44,398837.3,134477.55,131735.25,151068.95,319706.7,435469.97,405557.34,374315.78,196499.89,161110.84,483771.7,303768.62,110801.85,396831.84,836464.44,735624.1,137701.7,90035.44,99583.24,213960.94,814634.2,816467.5,257766.38,198860,718520.4,422125.97,839801.8,100172.79,851123.7,159389.48,174912.61,966433.8,124859.3,733426.4,159118.58,914194,389220.25,629013,89804.42,303759.34,414143.94,17396_related spectra of 'Losartan carboxaldehyde [EXP3179] (Delta Mass:18.01)'
CCMSLIB00012724654,14792,related spectra of 'Losartan carboxylic acid [EXP3174] (Delta Mass:2.016)',losartan,Drug_analog,angiotensin II receptor blocker,cardiology|nephrology,hypertension|diabetic nephropathy,43948.773,106420.13,206924.75,504782.7,119209.92,356485.94,371172.47,659724.25,814968.3,381510.7,362033.94,806237.75,120035.55,217399.16,93048.836,201290.88,382670.78,424616.12,126582.45,138153.22,180198.97,376954.22,386196.34,415644.28,382521.66,187414.97,178222.19,529914.5,298057.22,104748.4,399973.16,946556.44,786120.25,127820.945,110399.17,105467.43,172814.66,908639,907263.25,266424.84,170500.48,652836.2,506594.62,866911.56,112688.31,843264.2,151362.19,174116.58,1001798.5,101688.57,822529,147714.53,894059.5,409181.5,837203.6,82169.83,331916.75,426304.25,14792_related spectra of 'Losartan carboxylic acid [EXP3174] (Delta Mass:2.016)'
CCMSLIB00005732583,6018,"Massbank:EQ312602 Mepivacaine|N-(2,6-dimethylphenyl)-1-methyl-2-piperidinecarboxamide",mepivacaine,Medical,local anesthetic,neurology/psychiatry,local anesthetic,409451.2,81992.734,3774.9255,72898.9,469612.8,9395.426,0,95615.31,68198.734,0,0,26528.154,647410.4,5178.742,638638.7,0,0,0,529035.5,156571.03,5015.8887,0,0,0,0,4714.6455,3879.7803,16066.799,11591.605,478427.66,0,78885.1,26192.006,4688.1055,0,297206.34,0,8047.128,19919.021,0,13581.369,89223.79,0,87431.164,19157.266,27179.281,25487.215,0,23271.348,494475.3,37843.812,1080193.8,56599.81,0,115423.46,64757.65,0,0,"6018_Massbank:EQ312602 Mepivacaine|N-(2,6-dimethylphenyl)-1-methyl-2-piperidinecarboxamide"
CCMSLIB00012723326,24128,related spectra of 'mestranol (Delta Mass:4.03)',mestranol,Drug_analog,estrogen,obstetrics/gynecology,contraceptive,0,0,43565.99,176816.1,0,416774.06,42284.516,51868.395,0,56169.906,105139.94,43329.28,17795.326,0,16865.73,0,84930.74,75797.51,6246.2324,13539.355,0,430051.12,60078.734,71512.25,67335.11,0,0,19962.236,155328.39,0,66747.24,52293.918,0,24714.943,10178.233,0,0,0,0,98600.164,0,104963.85,97673.43,0,22120.658,80273.95,9347.609,258192.94,81312.984,0,12327.108,27424.75,0,58320.56,21475.107,0,50194.71,88667.58,24128_related spectra of 'mestranol (Delta Mass:4.03)'
CCMSLIB00000579425,767,0331_Metformin,metformin,Medical,biguanide,endocrinology,type 2 diabetes mellitus,29937622,53794830,58597050,103346260,29862974,99432210,80994630,66702396,79568480,78077680,81789864,121481304,33783240,57009656,32636548,62217560,81542300,81022376,40509870,29814068,77522600,80922250,76980670,82927830,85475660,67785510,60464360,63477924,52031684,29896606,76323976,46424310,116071090,56245372,49614536,33850324,62875710,55063370,91815064,70356270,66500956,89367690,90239300,80227650,33799624,82596540,59713660,26467820,68421304,29192312,80520824,43730750,76853810,79707430,97508690,29919072,70271480,80458600,767_0331_Metformin
CCMSLIB00000841975,2380,MassbankEU:SM867803 Metformin,metformin,Medical,biguanide,endocrinology,type 2 diabetes mellitus,607864.8,1638223.8,2658592,3026691,884791.6,7466080.5,4867494,3283527.2,4817385.5,4382290.5,4518013,5372815,746898.3,2656591.8,1030531.1,2841280,4070207.5,4166231.5,1305438.2,493782.56,2296981.8,5126118.5,4229637,4152861.8,5047515,2106413,1563325,2842286,2057054.8,874376.06,4324681,1803580.8,4498319.5,2233270.8,1103950.9,1000599.9,2134442.2,1729795.1,4682773.5,3277755,1817754.9,4822785,5600026.5,3258624,942841.94,5804949.5,1854898.8,1526552,3798894,525138.4,4076363,1261015.6,5580689,4300443,10154785,995964.25,3205070,4316852,2380_MassbankEU:SM867803 Metformin
CCMSLIB00000578512,2098,MassbankEU:ET050205 DEP_150.1278_9.6|Methamphetamine|N-methyl-1-phenylpropan-2-amine,methamphetamine,Medical,central nervous system stimulant,drug of abuse,psychostimulant,783308.94,609019.75,74299.61,23865.451,1009051.1,25791.38,26935.959,35431.664,75299.805,49638.03,22047.816,51112.695,3021887.5,11985.03,1345906.9,68820.586,33276.71,40513.695,1780401.2,935517.8,301536.47,15770.156,12732.602,55523.426,67691.41,20955.904,210372.73,18536.531,66124.83,1042367.7,40328.293,74054.33,41317.992,190492.88,197635.92,2577296,78304.805,63991.902,17912.145,144516.88,470536.1,107686.47,46600.195,69716.59,202141.92,110229.25,551261.44,304653.62,87218.88,1076968.9,72139.65,1770554.2,79834.125,22465.83,426938.97,574007.4,109092.914,21415.459,2098_MassbankEU:ET050205 DEP_150.1278_9.6|Methamphetamine|N-methyl-1-phenylpropan-2-amine
CCMSLIB00005726139,10233,Massbank: Methocarbamol|[2-hydroxy-3-(2-methoxyphenoxy)propyl] carbamate,methocarbamol,Medical,muscle relaxant,neurology/psychiatry,acute musculoskeletal pain,0,170263.12,38791.992,598939.1,49307.863,278193.44,111623.375,449563.5,499656.06,197067.36,69583.234,499219.34,42548.836,69953.55,18146.783,60302.863,180846.92,199285.2,30401.184,46035.527,75540.414,290773.1,217974.77,201837.27,301141.28,14933.467,75625,369223.56,200969.31,37940.984,199293.19,624962.4,449412.47,37268.848,48818.82,58958.953,45298.594,592017.75,492926.06,0,47889.5,428654.6,273713.16,579384.44,76888.945,580468.8,18428.496,88925.516,622861.94,51058.41,519437.84,52089.63,554155.9,184822.34,565537.25,37067.613,212298.11,217008.14,10233_Massbank: Methocarbamol|[2-hydroxy-3-(2-methoxyphenoxy)propyl] carbamate
CCMSLIB00005754171,6294,Massbank: Metoclopramide|4-Amino-5-chloro-N-[2-(diethylamino)ethyl]-2-methoxybenzamide,metoclopramide,Medical,dopamine-2 (D2) antagonist,gastroenterology,diabetic gastroparesis|nausea|vomiting|gastroesophageal reflux disease (GERD),74305.484,376760.47,78524.734,95269.18,116724.625,51084.516,133058.66,76102.9,90056.625,63506.734,106295.09,90602.914,35630.734,139921.67,19995.408,112991.266,70713.55,73969.11,171090.9,36188.48,101802.01,145740.75,71802.375,67360.42,93328.62,81447.5,90513.7,76603.1,22218.834,116564.61,88413.45,93649.87,73932.05,82164.81,69238.15,24054.424,86549.82,83238.555,106755.164,27052.234,232514.95,91900.734,124328.125,96209.37,237325.4,68573.78,133310.97,32994.97,106912.35,127361.54,92966.5,83507.12,113514.36,70319.195,144733.73,61442.24,48305.438,72455.266,6294_Massbank: Metoclopramide|4-Amino-5-chloro-N-[2-(diethylamino)ethyl]-2-methoxybenzamide
CCMSLIB00005732759,4890,"Massbank:EQ361303 3,4-Methylenedioxy-N-methylamphetamine (MDMA)|N-Methyl-3,4-methylenedioxyamphetamine|1-(1,3-benzodioxol-5-yl)-N-methylpropan-2-amine",midomafetamine,Medical,central nervous system stimulant,drug of abuse,psychostimulant,283543.7,1115300.2,136459.44,705576.4,752636.4,167174.47,257443.77,424348.94,600076.94,138510.61,195410.72,553492.25,722002.94,261550.44,408303.9,186970.73,99261.22,109564.766,771571.3,255379.6,161319.28,477152.9,120939.67,138491.81,115782.43,236444.22,285920.62,733608.75,292810.06,887964.9,112553.17,472454.62,641820.2,196468.73,175677.64,419631.88,173109.34,618334.9,851872.5,85333.445,148730.88,382488.94,287181.44,418812.25,148740.81,447979.84,281243.9,163749.16,435566.1,799148.8,682609.94,367776.47,418408.94,113725.234,1500633.8,195231.33,264133.7,130227.766,"4890_Massbank:EQ361303 3,4-Methylenedioxy-N-methylamphetamine (MDMA)|N-Methyl-3,4-methylenedioxyamphetamine|1-(1,3-benzodioxol-5-yl)-N-methylpropan-2-amine"
CCMSLIB00000211260,20351,Massbank:EA280810 Mycophenolic acid| (E)-6-(4-hydroxy-3-keto-6-methoxy-7-methyl-phthalan-5-yl)-4-methyl-hex-4-enoic acid,mycophenolic acid,Medical,antimetabolite immunosuppressant,transplant,organ rejection,142596.5,455606.38,623080.44,1068787.8,359386.9,1081781.5,1396105.1,1184940.4,1254253.8,1289435.9,1190999,1459939.5,390283.28,612142.8,283524.34,551858.25,1427029,1352319.4,347501.9,407849.12,489151.4,1467055.6,1362195.8,1358761.9,1519269.6,479447.7,522736.78,967302.1,491756.47,350056.66,1305999.4,1371946.9,1250770.5,443910.16,329519.88,224748.7,616283.4,1554981.4,1480229.6,1019387.4,584690.6,1259581.4,1824827.9,1370377.2,438285.97,1419388.4,439384.22,569130.6,1602867.4,374845.6,1272053.1,383352.62,1621467.1,1316852.5,1681581.1,263211.5,987513.7,1315365,20351_Massbank:EA280810 Mycophenolic acid| (E)-6-(4-hydroxy-3-keto-6-methoxy-7-methyl-phthalan-5-yl)-4-methyl-hex-4-enoic acid
CCMSLIB00006709940,25303,Octinoxate,octinoxate,Medical|Personal Care,no_match,dermatology,sunscreen lotion,41877.78,191710.34,175387.08,76970.44,247996.5,0,51253.082,166206.16,322274.22,196410.81,66986.57,240308.38,253831.77,238677.27,280577.62,228423.92,255869.5,208877.22,205846.9,196335.9,151367.56,106408.68,236139.42,179856.4,427537.7,181132.98,150224.88,719357.5,0,236159.75,196150.47,238293.14,0,216583.25,230823.7,225746.67,677095.75,60821.617,277271.22,210981.28,218192,49436.97,163845.77,212146.69,155379.75,233425.55,856526.75,291360.62,333087.66,237185.1,0,186683.47,220906.97,213964.08,258383.17,336087.22,237251.89,205410.73,25303_Octinoxate
CCMSLIB00006709940,24965,Octinoxate,octinoxate,Medical|Personal Care,no_match,dermatology,sunscreen lotion,1470557.8,1331243.5,955635.3,1096290.8,1403845.9,652927,557562.9,726751.06,849266.56,425244.38,753675.4,726424.1,2201086,697418.5,1928729.2,676458.44,400910.7,363546.8,1382872.8,1926010.9,779245.94,682283.75,372374.94,408323.62,751148.25,828194,612992.1,935159.2,748068.7,1381887.2,404704,679948.9,1414521.6,1152803.9,828279.5,1651544.5,200367.34,1182994.8,790963.6,362461.12,505287,1131491.2,488831.62,570987.7,1446939.4,763288.8,195829.23,811437.6,948885.1,1642330,1058432.6,1297400.5,716897.8,403746.72,933250.8,1167266.9,409165.72,410781.88,24965_Octinoxate
CCMSLIB00006116343,13156,Olmesartan medoxomil - 40.0 eV,olmesartan,Medical,angiotensin II receptor blocker,cardiology|nephrology,hypertension|congestive heart failure|chronic kidney disease|diabetic nephropaty,66980.445,194362.66,259229.86,218487.55,226320.77,427818.53,493334.38,392475.6,508903.7,540488.8,457409.78,463466.47,180322.92,287565.06,120593.17,274812.4,564503.6,534484.4,173676.31,154677.7,223260.83,501772.22,530001.56,565193.7,534476.6,212649.19,257337.58,266738.56,159372.4,204789.66,531594.3,531443.6,411267.12,187159.36,129778.695,140953.88,231139.86,533108.5,504742.03,333146.5,214255.72,407501.8,511573.25,533555.06,152461.19,498489.8,235557.98,270190.72,572515.9,226345.05,473524.06,216091.2,568458.3,573150.8,407396.56,106390.125,463845.28,535430.7,13156_Olmesartan medoxomil - 40.0 eV
CCMSLIB00004679262,10558,[putative] omeprazole sulfide 5-carboxylic acid,omeprazole,Drug metabolite,proton pump inhibitor,gastroenterology,gastroesophageal reflux disease (GERD)|Zollinger-Ellison syndrome|peptic ulcer disease (PUD),204002.06,967079.25,500826.06,703030.2,686159.06,620732.7,703898.8,792202.9,885219.06,747403.25,664775.8,892294.9,329413.06,635725.75,365522.62,532791.2,740186.3,710951.7,573944.25,389035.06,556418.1,718109,719368.5,718063.8,717625.44,548037.94,598405.5,668029.44,299456.9,684728.4,737186.2,1031784.9,846808.56,523065.7,421767.34,499249.44,510705.8,941145.75,967442.8,494171.16,589948.75,804111.44,839950.94,1034627.8,494324.6,985642.7,548124.75,266174.28,1107984.5,711696.3,919711.75,511208.84,1097848.8,740431.9,1188765.2,350168.84,612287,726232.7,10558_[putative] omeprazole sulfide 5-carboxylic acid
CCMSLIB00012725362,10101,related spectra of '[putative] omeprazole sulfide 5-carboxylic acid (Delta Mass:-43.99)',omeprazole,Drug_analog,proton pump inhibitor,gastroenterology,gastroesophageal reflux disease (GERD)|Zollinger-Ellison syndrome|peptic ulcer disease (PUD),48597.055,259198.16,121868.016,270302.28,151514.11,214143.95,276474.28,273727.28,333015.25,242437.55,213537.08,319870.38,54444.758,183399.72,83843.37,181034.78,264357.62,266562.88,103593.61,98928.87,143500.34,285554.03,250355.67,276357.28,246399.9,183956.1,212534.75,271556.06,129586.016,153637,260740.64,320099.47,344581.34,122954.95,137400.9,115110.93,159025.58,333398.2,351760.62,130404.92,191020.95,297413.06,305090.47,342300.3,171511.1,321966.1,126891.15,92479.6,355625.03,152685.67,370948.4,109179.74,370394.6,269797,387148.1,103537.3,231485.48,267224.2,10101_related spectra of '[putative] omeprazole sulfide 5-carboxylic acid (Delta Mass:-43.99)'
CCMSLIB00012725365,9268,related spectra of '[putative] omeprazole sulfide 5-carboxylic acid (Delta Mass:-13.98)',omeprazole,Drug_analog,proton pump inhibitor,gastroenterology,gastroesophageal reflux disease (GERD)|Zollinger-Ellison syndrome|peptic ulcer disease (PUD),85931.016,177727.23,320717.44,799242,169993.14,562353,696648.94,681830.56,792252.56,595866.1,676713.3,702811,46444.395,448841.56,171522.5,269518.06,566446.25,568762.8,153551.95,233637.97,265052.9,608780.75,596564.5,589697.9,536244.25,314193.53,353579,791032.7,354597.78,185479.94,605528.75,805039.4,790225,269726.75,190972.02,66297.336,329406.12,769722.9,860073.06,429131.38,333697.75,637143.44,723404.7,766021.6,237029,701148.1,317218,191811.44,860690.1,196346.7,858516.75,235719.39,833082.75,587376.1,1064062.5,173158.23,510863.8,590015.56,9268_related spectra of '[putative] omeprazole sulfide 5-carboxylic acid (Delta Mass:-13.98)'
CCMSLIB00005767133,24604,Massbank:LU075402 2-Hydroxy-4-methoxybenzophenone|Oxybenzone|(2-hydroxy-4-methoxyphenyl)-phenylmethanone,oxybenzone,Medical|Personal Care,no_match,dermatology,sunscreen lotion,92682.6,58966.08,181492.97,237291.64,112263.49,126965.19,228152.19,132338.27,134300.33,141683,408472.6,91152.45,115820.484,220356.52,101839.92,106378.305,160233.86,136765.88,113056.22,161268.16,180865.27,116262.805,118687.96,162671.89,222917.62,101252.59,128305.68,120169.12,133174.2,102836.484,133447.47,130260.2,52070.043,127637.47,101648.87,83386.98,215083.33,88114.664,87509.07,101297.445,98901.45,86209.64,137120.7,101313.04,99254.28,89469.016,169310.66,109301.44,150643.72,114406.88,116754.86,179279.16,103623.17,134112.94,173582.12,110587.055,124637.555,153561.39,24604_Massbank:LU075402 2-Hydroxy-4-methoxybenzophenone|Oxybenzone|(2-hydroxy-4-methoxyphenyl)-phenylmethanone
CCMSLIB00005760562,30528,Massbank:LU101702 2-Ethylhexyl 4-(dimethylamino)benzoate,padimate o,Medical|Personal Care,no_match,no_match,no_match,3523190.5,446805.16,600290.56,366091.53,1719030.1,28435.297,349706.7,230746.17,157069.48,51695.11,697488.7,328370.28,966145.06,1179495.5,205544.81,1339600,46213.816,51146.805,205451.77,607729.7,3442932.8,0,66373.375,59929.016,203164.8,267581.75,774194.2,76158.664,279912.2,1769207.6,56760.8,148136.69,622058,781421.75,193742.44,466128.6,1166066.6,569300.06,24400.365,58567.473,3809948.5,40985.2,0,99317.04,2919174.2,22383.756,233815.8,18149.145,350159.2,1704265.5,1981872.1,539410.6,1006441.7,36997.984,224550.55,676689.06,72065.914,67773,30528_Massbank:LU101702 2-Ethylhexyl 4-(dimethylamino)benzoate
CCMSLIB00012725017,28246,related spectra of 'Massbank:LU101703 2-Ethylhexyl 4-(dimethylamino)benzoate (Delta Mass:-14.016)',padimate o,Drug_analog,no_match,no_match,no_match,142200.17,17235.746,21469.836,12963.5,98609.3,0,20443.67,0,0,0,25195.422,7207.26,43151.008,58103.562,5827.5474,99867.586,0,0,0,31793.443,168087.38,0,0,0,27830.242,5784.751,45738.695,0,11418.688,97757.336,0,0,25326.45,44956.977,4306.826,32776.68,59002.754,19681.643,0,0,184922.22,0,0,0,165941.92,0,6485.082,0,13329.857,96351.94,96497.414,16764.176,38519.297,0,12305.625,32397.646,0,0,28246_related spectra of 'Massbank:LU101703 2-Ethylhexyl 4-(dimethylamino)benzoate (Delta Mass:-14.016)'
CCMSLIB00000207716,6873,Massbank:EA024309 Paracetamol|Acetaminophen|N-(4-hydroxyphenyl)acetamide,paracetamol,Medical,other analgesics and antipyretics,neurology/psychiatry|endocrinology,pain relief|fever,170918.55,343053.44,1440956.4,1867849.8,159070.86,9124568,3767134.8,1094131.9,1857365.6,5717560.5,2906994.5,4564054.5,265468.72,572101.3,322897.06,584256.4,3290350.5,3749931.2,158320.69,339810.62,580335.25,7921363,3415035.2,4866399.5,6181600.5,1255192.5,480979,944114.06,1188175.4,671107.9,3262235.5,3103453.2,1807145.9,869292.9,1013713.3,94152.19,617020,1669743.6,1476018.6,3638494.5,236356.77,2428545.2,8279069.5,2695943.8,626849.94,3502233,517136.5,2278042.5,3322930.5,357427.84,2544026.5,377772.47,5228417.5,3917649,2132367.8,319108.62,3378524,3981927.8,6873_Massbank:EA024309 Paracetamol|Acetaminophen|N-(4-hydroxyphenyl)acetamide
CCMSLIB00000579488,4675,4-Acetamidophenol,paracetamol,Medical,other analgesics and antipyretics,neurology/psychiatry|endocrinology,pain relief|fever,2647156,894820.44,51037916,59397230,968061.2,196987490,230411870,56079508,59329856,151620100,133005880,110906584,8217019,30620196,10743394,27773790,149170340,149050430,6224474.5,37106244,31627818,186962800,152883410,152270700,140757120,39988692,9500044,38414452,38646670,643084.56,151316860,87875230,53836450,70070536,35784444,1515406.9,24190492,76416740,52895790,75549360,7469145,67191300,306144860,84034260,35780690,104114220,10084525,49743436,78866790,625760.56,81476360,15927303,132844650,151609470,29449482,7886365,97403800,149078530,4675_4-Acetamidophenol
CCMSLIB00001058840,27840,Pesticide4_Piperonyl butoxide_C19H30O5_Butacide,piperonyl butoxide,Medical,no_match,infectious disease,lice,75807.45,21364.965,72302.66,216266.39,88916.914,38252.742,92690.016,121916.78,138177.17,69361.734,115698.445,126535.4,53746.484,384918.25,86346.98,194441.38,87173.375,72861.03,44574.953,89083.53,201078.88,58358.34,92839.38,102297.195,174260,92559.31,264982.1,135942.77,98834.79,86903.734,69297.69,133772.64,91891.53,89669.84,93420.52,68040.38,127200.82,102574.46,117559.45,79789.47,68669.74,138523.16,53251.79,98046.67,59467.137,99639.43,93627.2,127712.875,138454.11,91708.3,155245.42,128533.555,127472.99,89368.086,197119.44,127819.69,78274.484,63960.055,27840_Pesticide4_Piperonyl butoxide_C19H30O5_Butacide
CCMSLIB00000566861,4274,MoNA:681420 Lyrica (TN),pregabalin,Medical,gabapentinoids,neurology/psychiatry,neuropathic pain|seizures,275349.12,888814.4,1328323.4,4904559,715828.94,5116065.5,5882047,4585760.5,3931950.8,6380195.5,5706288,5737830.5,277252,1367581.8,273013.44,1146045.4,6287206,6276179.5,437216.7,168520.34,1027087.8,5537229.5,6298125.5,6338188.5,6272258,724328.1,696793.56,2249905,1606510.8,700508,6492715.5,1133774.4,4637085.5,911525.75,535929,530653.8,1023291.44,8835629,5284853.5,4942541.5,625649.25,4698643.5,7517193,2383257.8,553119.56,4943847,988506.1,7309843.5,4218364,723332.94,3506123.2,423833.2,6300228,6415719.5,5570306.5,553007.2,4080904.2,6270952.5,4274_MoNA:681420 Lyrica (TN)
CCMSLIB00005745039,3184,Massbank:PR301729 Procaine,procaine,Medical,local anesthetic,neurology/psychiatry,local anesthetic,3206.7378,154845.9,174316.1,1026041.94,25253.469,617656.6,263451.94,3035298.5,1804139.9,652329.56,539799.3,25616540,366906.3,232106.33,85989.41,158565.97,629925.3,682583.5,80246.66,62831.266,110289.19,615182.8,487896.03,508751.9,655348.8,161962.31,265755.06,394735.25,331721.53,19042.68,531672.7,3892018.5,667651,32717.242,25931.365,81116.69,147414.61,583515.5,720895.1,372472.3,209503.33,806371.7,952691.8,14133699,164189.61,578298.56,109879.21,803957.1,1738770.4,20291.316,1373145.9,76187.04,11913088,365113.28,626187.8,42465.273,468624.94,500442.94,3184_Massbank:PR301729 Procaine
CCMSLIB00003134541,11413,Spectral Match to Quetiapine from METLIN,quetiapine,Medical,atypical antipsychotic,neurology/psychiatry,schizophrenia|bipolar disorder,18485.08,4427.356,57657.766,2210999.2,0,87071.39,128417.414,88159.07,63319.4,90227.64,0,62850.215,0,61052.92,0,33807.074,47181.312,98601.734,0,48100.29,21994.975,80299.12,122292.445,95572.27,63791.062,38742.547,31793.111,21472.123,14567.131,0,85569.23,27674.66,0,48884.395,32634.566,6523.541,52018.336,38804.18,0,62990.188,40894.156,31222.457,71636.51,23535.299,71214.16,19628.252,27310.506,62386.516,77028.875,0,17222.207,35541.57,86130.08,69822.516,101369.17,14304.1045,72719,35629.176,11413_Spectral Match to Quetiapine from METLIN
CCMSLIB00012725267,13271,related spectra of 'Spectral Match to Quetiapine from METLIN (Delta Mass:13.98)',quetiapine,Drug_analog,atypical antipsychotic,neurology/psychiatry,schizophrenia|bipolar disorder,127088.125,305319.75,351049.72,560417.2,301051.25,632636.44,766667.56,415161.3,358802.53,645421.1,1101880.4,335721.72,203265.4,384708.1,190996,316686.3,647537.44,654284,213607.62,196946.72,256054.36,639395.75,707565.1,663656.06,523473.5,224151.92,342022.66,218538.66,183659.66,326523,672649.2,371944.16,330829.75,266044.34,206422.48,213886.44,300901.94,331002.5,294993.62,441106.28,242524.73,270968.53,617658.06,310108.72,303248.66,304022.22,327129.12,392160.94,371203.44,292099.2,337449.8,305424.7,386177.4,643731.4,410718.88,155678.81,678600,685033.94,13271_related spectra of 'Spectral Match to Quetiapine from METLIN (Delta Mass:13.98)'
CCMSLIB00012723855,10096,related spectra of 'quetiapine sulfoxide (Delta Mass:13.98)',quetiapine,Drug_analog,atypical antipsychotic,neurology/psychiatry,schizophrenia|bipolar disorder,92840.29,316310.28,361513.88,572795,346002.7,1307065.4,1627108.9,914463.3,714386.8,1138982.4,1644430.9,1001537.75,204473.9,523956.47,153619.62,313331.12,1126742.5,1104417.2,275224.7,164304.16,241657.14,1478634.9,1167893.5,1598723.1,1388947.9,324176.6,350773.06,563699.5,277080.47,352910.8,1135428.5,748105.4,864821.6,401514.6,164031.36,173470.8,318643.62,776990,940581.8,607906.94,233665.14,610119.4,1616050.1,1024174.56,184431.6,997943.4,280082,832161.94,1079437,222647.56,679349.4,249870.88,1109969.1,1154671.2,800915.44,237030.72,1455375.9,1581305.4,10096_related spectra of 'quetiapine sulfoxide (Delta Mass:13.98)'
CCMSLIB00010152278,10390,RANOLAZINE,ranolazine,Medical,antianginal,cardiology,chronic stable angina,39472.48,231229.48,149793.34,229784.44,128289.984,248035.39,336687.34,215266.92,233233,282235.62,35117.402,213549.64,62287.074,195570.42,69129.016,124638.67,305916.94,301075.1,111151.2,132705.34,126381.914,249873.34,307347.06,302285.66,294330.44,132134.42,173543.48,150329.23,78456.734,117306.32,289644.03,239721.36,192970.1,127249.16,98949.69,101769.73,150870.84,209771.61,190900.38,179062.45,76893.586,141353.12,326635.9,217412.03,136200.34,205397.97,150637.83,136129.34,254756.52,120112.66,235400.61,128868.56,244634.7,307081.56,257925.42,95105.66,267471.62,331026.56,10390_RANOLAZINE
CCMSLIB00010141662,21395,Sacubitrilat,sacubitril,Drug metabolite,neprilysin inhibitor,cardiology,congestive heart failure,13144.926,54598.98,110221.18,89106.15,61179.55,92776.305,150177.7,178927.84,172215.25,102678.805,102675.57,191812.67,79916.08,117119.68,58177.93,86469.54,120304.33,98410.234,58298.742,47186.406,73943.195,93680.48,79403.96,104587.91,104457.52,59210.715,110060.36,105138.99,79963.02,60454.688,123543.75,212095.77,163427.19,82393.84,23333.035,40311.336,79224.86,207640.05,175989.14,79542.14,67310.39,227638.48,108711.195,194503.11,42778.062,190302.58,74691.67,16644.883,209492.42,51729.87,171438.88,74576.945,228780.12,120265.586,155462.36,39680.97,118053.516,107221.26,21395_Sacubitrilat
CCMSLIB00010119940,26810,(3aR)-(+)-Sclareolide CollisionEnergy:205060,sclareolide,Medical,no_match,NA,NA,372152.94,700748.7,568315.94,376324.1,447980.97,317778.2,329053.06,901597.06,842963.56,834188.1,750037.5,575156.9,583183.94,747552.2,500711.12,492734.38,287977.12,696548.2,492923.2,419599.72,385601.53,539026.8,444951.16,428565.7,755204.9,212701.58,338143.28,345590.44,720417.6,385080.75,438331.7,825515.1,832601.94,392941.88,196211.95,304596.3,526151.2,848912.94,645756.4,295336.25,563881.1,777458.94,709454.7,972220,539017.56,899785.5,225641.6,550240.94,471855.25,569378.25,587982.7,436227.03,796091.06,763925.75,550244.6,620140.56,634833.7,444967.34,26810_(3aR)-(+)-Sclareolide CollisionEnergy:205060
CCMSLIB00000212134,7725,"Massbank:EA290304 Sitagliptin|(3R)-3-amino-1-[3-(trifluoromethyl)-6,8-dihydro-5H-[1,2,4]triazolo[4,3-a]pyrazin-7-yl]-4-(2,4,5-trifluorophenyl)-1-butanone",sitagliptin,Medical,dipeptidyl peptidase-4 (DPP-4) inhibitor,endocrinology,type 2 diabetes mellitus,126254.24,556486.9,939649.56,1125025.6,322409.53,1013091.8,930014.8,1013743.1,1060755.1,857600.9,1106027,1141234.4,330178.25,1016648.44,288748.72,803872.25,909350.44,867305.5,356154.06,388668.4,596236.9,1143225.2,865173.1,899701.4,1010795.06,528289.1,741140.2,839871.44,571774.75,305877.56,863346.56,1350656.9,983493.94,599796.44,405064.5,272130.88,846571.2,1213045.8,1089326.4,641513.56,548749.56,856503.6,1173741.1,1198511.6,494209.75,1068297,675386.4,492362,1205257,336024.34,1145880.1,409639.94,1482936.9,860698.3,1231453.4,339309.03,739651.9,868146.44,"7725_Massbank:EA290304 Sitagliptin|(3R)-3-amino-1-[3-(trifluoromethyl)-6,8-dihydro-5H-[1,2,4]triazolo[4,3-a]pyrazin-7-yl]-4-(2,4,5-trifluorophenyl)-1-butanone"
CCMSLIB00000208227,10666,"Massbank:EA029910 N4-Acetylsulfamethoxazole|N-[4-[(5-methyl-1,2-oxazol-3-yl)sulfamoyl]phenyl]acetamide",sulfamethoxazole,Drug metabolite,sulfonamide antimicrobial,infectious disease,pneumonia|enteritis|urinary tract infections,3955.4312,0,260342.6,270215.44,0,702158.8,510374.7,44754.375,108809.625,389509.66,280814.88,328990.16,47860.03,125145.73,29727.49,152888.89,413836.47,444208.56,22480.266,69375.43,182388.86,366899.53,413823.03,435899.72,391631.4,186278.05,168039.42,116804.766,121717.34,0,404104.66,117121.03,147619.31,168036.77,86256.52,22447.611,171590.5,239619.16,250557.62,169878.75,107853.9,124484,765148.2,139993.52,211549.97,262302.16,72417.65,87199.66,110930.23,0,157797.52,62713.93,316411.5,409196.8,155580.27,38989.684,216569.8,417683,"10666_Massbank:EA029910 N4-Acetylsulfamethoxazole|N-[4-[(5-methyl-1,2-oxazol-3-yl)sulfamoyl]phenyl]acetamide"
CCMSLIB00005754054,8313,"Massbank: Sulfamethoxazole|4-Amino-N-(5-methyl-1,2-oxazol-3-yl)benzene-1-sulfonamide",sulfamethoxazole,Medical,sulfonamide antimicrobial,infectious disease,pneumonia|enteritis|urinary tract infections,43963.773,436941.94,206993.12,642107.3,187613.47,643272.25,775712.25,871225.4,747440.25,775878,536534.8,1004431.56,0,487830.7,9386.923,457973.47,747306.56,773481.8,124544.12,61888.844,369282.6,886656.2,801257.4,784317.8,633647.9,491138.94,259567.94,668839.75,239800.7,211456.4,779961.8,934574.25,1137629.5,283756.1,115248.38,67748.97,317083.4,1047511.1,882604.25,245753.28,644035.7,766435.3,1021758.06,852081.1,225827.19,837017.6,97230.086,54277.11,1034080.56,215236.06,799533.9,114033.06,1177827.4,768639.94,1089287.8,109557.79,396605.28,856534.9,"8313_Massbank: Sulfamethoxazole|4-Amino-N-(5-methyl-1,2-oxazol-3-yl)benzene-1-sulfonamide"
CCMSLIB00006684828,3014,SULPIRIDE,sulpiride,Medical,benzamides,neurology/psychiatry|gastroenterology|urology,schizophrenia|psychosis|anxiety|vertigo|dyspepsia|irritable bowel syndrome|premature ejaculation (PE),464989.97,1586854.8,1617559.6,1062666,1031613.7,1202352.9,1122772.5,1481206.9,1756003.9,1286934.9,977293.4,1557962.6,970036.8,1697131.5,768474.2,1435790.8,1270463.1,1329051.4,1097746.5,1014809.9,1304348.9,1131880,1260873.5,1230370.1,1222979.8,1399754.5,1573966.2,1722302.5,697730.25,1067887,1281675.2,2369513.8,1492322,1165400.2,773278.9,722178.94,1447574.9,1453545.4,1665005.2,679994.8,1963696.2,1570485.9,1355929.9,1900580.1,1211835.8,1694229.4,1274800.5,447787.6,1857861.1,1068491.2,1697307.6,1117722.9,1756264.4,1319717,1361617.5,773841.94,1071835.4,1387622.4,3014_SULPIRIDE
CCMSLIB00010151004,19325,Terbutryn,terbutryn,Medical,no_match,no_match,no_match,43895.164,66170.83,169164.81,157982.89,201059.42,73257.734,85668.55,380009.03,252769.22,97161.44,403776.72,167099.77,127410.77,336267.97,93271.914,189811.64,108380.96,100311.484,120657.59,167482.7,162249.2,51264.32,123928.766,127584.4,65767.914,680318.2,183510.88,148517.23,265155.38,202217.25,110806.54,184127.97,176250.36,69377.94,47935.617,108102.47,207286.12,96831.58,159101.33,121513.11,130449.8,147991.64,60799.45,210724.78,51171.984,92174.61,128707.37,46436.19,138320.7,206836.03,145429.11,135382.8,136731.66,107354.99,251460.33,117616.15,106322.195,94534.336,19325_Terbutryn
CCMSLIB00005763640,26431,"Massbank:LU139103 Testosterone propionate|[(8R,9S,10R,13S,14S,17S)-10,13-dimethyl-3-oxo-1,2,6,7,8,9,11,12,14,15,16,17-dodecahydrocyclopenta[a]phenanthren-17-yl] propanoate",testosterone propionate,Medical,androgen,endocrinology,hypogonadism,0,0,55018.68,373401.1,0,278271.7,188819.44,328742.5,158706.5,151029.55,207504.36,198167.2,27216.182,16106.513,18801.55,7159.97,141990.48,171004.77,10370.226,43778.23,12582.668,471991.44,156493.39,160726.14,165500.92,97994.266,14418.74,92061.7,488529.84,19125.287,158941.86,142981.44,85445.39,61455.426,13457.139,0,8280.521,147014.88,200494.45,188765.19,7034.076,213054.88,384841.1,142261.53,0,199717.31,7997.1045,229105.52,113165.11,0,168815.94,50629.918,194641.14,158056.42,107839.18,29831.508,208639.23,142422.38,"26431_Massbank:LU139103 Testosterone propionate|[(8R,9S,10R,13S,14S,17S)-10,13-dimethyl-3-oxo-1,2,6,7,8,9,11,12,14,15,16,17-dodecahydrocyclopenta[a]phenanthren-17-yl] propanoate"
CCMSLIB00000206443,3926,Massbank: Tetramisole,tetramisole,Medical,imidazothiazole derivatives|veterinary,infectious disease,gastrointestinal parasites,38075.28,523320.78,156620.2,996588.44,75341.66,689001.44,702045.4,588812.56,619713.3,532993.06,409773.6,723942.4,150605.58,381422.7,100717.125,234302.97,583194.2,551178.94,125058.41,104427.7,196029.88,524632.1,584961.44,580048.6,469082.8,400020.78,185448.52,923316.2,303033.47,71126.984,552343,2390164.2,648987.8,165060.36,82052.555,101410.33,183629.86,871784.25,928949.2,143599.8,429052.4,723987.1,633414.4,1180020.6,113007.98,629280.3,187416.02,271747.28,786797.7,72472.15,876719.7,133428.97,7345482.5,595016.5,1561494.2,86013.29,1022660.5,582210.3,3926_Massbank: Tetramisole
CCMSLIB00012725297,6145,related spectra of 'Spectral Match to Trazodone from NIST14 (Delta Mass:15.995)',trazodone,Drug_analog,selective serotonin reuptake inhibitor (SSRI),neurology/psychiatry,depression,0,0,51223.22,155689.55,0,110141.945,193437.6,254887.48,218239.05,147043.5,185817.77,217090.3,0,102363.95,0,27488.094,138290.92,154078.44,0,0,14067.138,191305.31,139549.84,156181.48,158174.14,83488.67,0,184054.92,108942.05,0,144847.03,297546.88,168848.56,53331.36,0,0,45375.11,214088.64,201623.89,42997.14,34658.574,217083.17,226974.11,218141.56,0,246047.66,0,38393.48,305596.34,0,240754.94,0,283502.34,142821.8,294258.75,0,103787.266,149932.44,6145_related spectra of 'Spectral Match to Trazodone from NIST14 (Delta Mass:15.995)'
CCMSLIB00010139346,23686,Trospium,trospium,Medical,anticholinergic,urology,urinary incontinence|urinary frequency,111396.05,249817.6,59926.375,37993.324,332983.8,0,0,467466.7,0,0,0,83564.875,426505.53,247368.16,322480.1,348982.5,0,0,9600.302,55087.855,282706.78,77954.99,0,0,55460.457,18385.016,236111.58,204490.72,517151.03,334459.7,0,434053.66,279723.06,5768.6963,12344.2295,139594.23,226871.2,0,235083.27,49462.773,24304.408,0,0,27230.559,57540.59,36127.69,241770.89,0,0,309949.6,9346.348,36880.598,359746.9,0,559129.2,187049.34,41673.945,0,23686_Trospium
CCMSLIB00000079130,22711,VALSARTAN,valsartan,Medical,angiotensin II receptor blocker,cardiology|nephrology,hypertension|congestive heart failure|chronic kidney disease|diabetic nephropaty,468003.75,610893.1,1576813.1,962833.4,1004577.1,1061446.5,1328417.5,822834.7,1203545.9,1659351.2,1483920.5,1098114.9,795822.06,1263516.5,828319.6,1299448.8,1626411,1631831,869461.25,1272479,1034151.44,1458523.2,1642262,1606828,1368758.9,884257.5,1523980.1,1034515.75,642601.1,998237.2,1639911.1,1316512.2,1050917.2,889270.9,593487.6,558406.1,1109865.2,1551439.8,1255064.4,1004024.5,1086382.2,1353916.6,1615941.6,1299656.6,552524.44,1099307.9,1224011,931062.8,2090826.1,1067904.8,1570950.4,1098765.5,1188555,1723455.5,975036.8,706807.5,1351391.2,1658375.5,22711_VALSARTAN
CCMSLIB00000209775,22709,Massbank:EA258304 Valsartan| (2S)-3-methyl-2-[1-oxopentyl-[[4-[2-(2H-tetrazol-5-yl)phenyl]phenyl]methyl]amino]butanoic acid,valsartan,Medical,angiotensin II receptor blocker,cardiology|nephrology,hypertension|congestive heart failure|chronic kidney disease|diabetic nephropaty,906875,1638738.6,3726506,2172609,2410805.2,4056803,4748363,5085352,6678921.5,5676151.5,4936823.5,4953029.5,2984274.5,3363117.5,2357955,3268060.5,5287448.5,5626722,2408450.8,2997500.8,2637357.8,4880731.5,5265902.5,5611578.5,5588286,2261778.5,3546494.2,2882271.2,2802303.2,2420539,5265889,5321121,4802632,2198388.2,1204839.5,1194969.9,3104540,6063959.5,5255091,3319030.2,2934675,6984620.5,5756816.5,6787646,1258430.4,4888106.5,2935004.8,2976882.2,6951989.5,2564372,5307111,3637684.2,5559292,5663494,3501855.8,1548403.4,4906993,5758819.5,22709_Massbank:EA258304 Valsartan| (2S)-3-methyl-2-[1-oxopentyl-[[4-[2-(2H-tetrazol-5-yl)phenyl]phenyl]methyl]amino]butanoic acid
CCMSLIB00000210039,6831,"Massbank:EA265710 N,O-Didesmethylvenlafaxine|4-[1-(1-Hydroxycyclohexyl)-2-(methylamino)ethyl]phenol",venlafaxine,Drug metabolite,serotonin and norepinephrine reuptake inhibitor (SNRI),neurology/psychiatry,depression|generalized anxiety disorder (GAD)|panic disorders|social anxiety disorder,86681.41,669093.3,403855.9,891865.6,387725.1,797726.44,1041604.4,730934.9,817754.06,1086143.8,1181634.1,833704.6,297142,506052.94,326460.9,426293,992858.75,1105817.6,372735.44,304445.72,332047.8,1190181.8,1001879.06,1101795,951649.1,356241,517183.47,610250.8,270599.9,356888.88,1106074.1,1033795.3,793721.25,359589.94,253491.2,416631.78,425209.7,774567.5,906249.56,699961.2,345642.56,740442,1545291.2,941314.56,371938.56,773369.25,400628.56,256783.98,981696.8,412085.66,956151.94,443631.47,1017795.1,1106690.8,1385537.1,259890.78,945947.6,1069071.6,"6831_Massbank:EA265710 N,O-Didesmethylvenlafaxine|4-[1-(1-Hydroxycyclohexyl)-2-(methylamino)ethyl]phenol"
CCMSLIB00005755108,6792,Massbank:TUE00822 O-desmethylvenlafaxine,venlafaxine,Drug metabolite,serotonin and norepinephrine reuptake inhibitor (SNRI),neurology/psychiatry,depression,976005.7,5527811.5,2339110.8,5402368,3273070.8,4777414.5,6091570,4415330,4604158.5,6010179.5,6314216.5,5060408.5,1706561.2,3221046.8,2087700,2596597,6166834.5,5980056.5,2494970,2406973.8,2362046.8,6799058,5939413.5,6134891.5,5485238,2319968.8,3096652.2,3798732,1563808.6,3333905,6210792,5554476.5,4324271.5,2348579.5,2204646.8,2842508.5,2602246.5,4785404.5,5414884.5,3990485.5,2282739.5,4504626,8449808,5004486.5,2934282.2,4797254.5,2533879.2,1258616.5,5892506.5,3342300.2,5178334,2661255.5,6068224,6034017.5,7561948.5,1765856.8,5699800.5,6575234,6792_Massbank:TUE00822 O-desmethylvenlafaxine
CCMSLIB00005761124,9828,Massbank:LU041703 Venlafaxine|1-[2-(dimethylamino)-1-(4-methoxyphenyl)ethyl]cyclohexan-1-ol,venlafaxine,Medical,serotonin and norepinephrine reuptake inhibitor (SNRI),neurology/psychiatry,depression|generalized anxiety disorder (GAD)|panic disorders|social anxiety disorder,401313.16,1576080.6,857865.94,2286746.2,968958.2,2846380,3394780.2,2000730.5,1953060,3131841.2,3994388.2,2139527.5,635552.06,1166462.8,672851.6,992357.8,3232138.2,3073936.8,818787,750752.1,911175.4,3610462.8,3144895.2,3219783.8,2990913,683023.5,1022008.5,1573004.1,863008.44,950186.3,3087722.8,2169126.5,1877702.9,854964.44,720425.44,793951.56,912935.06,2050874.5,2049205.4,2195989,859550.4,2248721,4049744.8,2064219.6,1055049.4,2094424.9,962236.75,1091202.9,2481421.8,952424.9,2432386.2,952793.75,2614516.2,3106792.2,3485471.8,646393.94,3049223.8,3378115.5,9828_Massbank:LU041703 Venlafaxine|1-[2-(dimethylamino)-1-(4-methoxyphenyl)ethyl]cyclohexan-1-ol
CCMSLIB00005730830,3199,Massbank:EQ314602 Vildagliptin|(2S)-1-[2-[(3-hydroxy-1-adamantyl)amino]-1-oxoethyl]-2-pyrrolidinecarbonitrile|Equa,vildagliptin,Medical,dipeptidyl peptidase-4 (DPP-4) inhibitor,endocrinology,type 2 diabetes mellitus,82715.42,177288.14,360116.9,348424.62,197097.31,429299.22,454054.44,289898.53,364394.78,497635.12,380253.66,357757.62,211201.69,404157.78,193031.73,266561.6,463468.56,447391.34,206072.97,210677.84,231754.55,425851.06,462504.66,461528.7,507339.7,242755.05,272727.22,244312.98,145451.53,176053,439657.66,416525.8,268012.8,271878.47,200066.97,130984.94,283242,331072.06,305447.22,295500.4,223094.36,312350.12,662545.2,318488.25,189968.22,406822.84,252063.95,93257.195,405967.28,199410.9,301275.56,272722.72,390186.2,448529.4,334097.72,167812.03,481135.3,453562.66,3199_Massbank:EQ314602 Vildagliptin|(2S)-1-[2-[(3-hydroxy-1-adamantyl)amino]-1-oxoethyl]-2-pyrrolidinecarbonitrile|Equa