name_parent_compound,pharmacologic_class,therapeutic_area,therapeutic_indication,groups_plot,BES0317,BES0320_EDTA,BES0322,BES0325,BES0327_EDTA,BES0330,BES0403,BES0408,BES0415_EDTA,BES0417_EDTA,BES0420_EDTA,BES0424,BES0508_EDTA,BES0515,BES0519,BES0522,BES0605_EDTA,IGU0318,IGU0320_EDTA,IGU0320,IGU0323,IGU0325,IGU0327_EDTA,IGU0330,IGU0401,IGU0403_EDTA,IGU0406_EDTA,IGU0408,IGU0413_EDTA,IGU0416_EDTA,IGU0421_EDTA,IGU0423,IGU0501_2,IGU0501,IGU0501_3,IGU0508_EDTA,IGU0519,IGU0523,IGU0610_EDTA,IGU0612,IGU0619_EDTA,MAN0318,MAN0325_EDTA,MAN0327,MAN0330,MAN0401,MAN0409,MAN0415,MAN0417_EDTA,MAN0421,MAN0424_EDTA,MAN0501_EDTA,MAN0519,MAN0528_EDTA,MAN0605,
azithromycin,macrolide antimicrobial,infectious disease,pelvic inflammatory disease|pneumonia|urethritis|cervicitis|sinusitis,antibiotics,1607893.8,2036095.2,1766050.6,2824210.5,3535290,2265014,3858404,2724860.5,2254584.2,1428964.2,791128.4,861649.1,1193900.2,1052935,891015.44,930879.25,606281.9,552062.3,745400.8,601823.25,517141.78,530753.6,769454.9,599662.9,964905.56,1511528.8,1291977.6,1304114.4,1124187.5,468749.72,318900.03,93803.59,198758.03,167303.98,185024.4,17448.424,87537.17,159909.16,30665.865,0,127880.234,1166546.4,1071757.4,2700481.2,790828.9,2932092.5,2753226.8,1606557,896068.3,777455.25,1000863.5,861973,402020.1,1019060.75,455268.25,54
sulfamethoxazole,sulfonamide antimicrobial,infectious disease,pneumonia|enteritis|urinary tract infections,antibiotics,1285248.81,1244868.07,1133161.87,1333421.72,1494238.9,785644.516,1287130.26,957331.42,1099319.76,1145010.79,361518.04,912322.74,1051695.28,890919.3,856249.875,992074.62,915979.775,677416.99,436941.94,751889.6,610862.36,551671.46,451792.87,201504.9,437377.16,467335.72,488673.9,427607.36,612976.43,169647.736,148547.474,47919.2042,187613.47,211456.4,215236.06,147024.386,131264.274,176746.99,39114.413,47860.03,90196.581,1345431.05,1165387.66,1786906.26,1286086.95,1253555.73,817349.68,1025279.3,1274217.9,141476.77,1177836.74,1220217.52,613175.08,1184066.46,415632.03,55
citalopram,selective serotonin reuptake inhibitor (SSRI),neurology/psychiatry,depression,antidepressants,94772.17,346052.12,82380.72,181792.48,218830.44,102653.58,152814.55,149309.55,84917.484,163425.7,90214.55,282102.1,138789.17,99261.39,159392.1,107621.12,271689.28,162345.88,235696.66,129574.09,141825.08,124598.14,128507.25,112569,189035.4,140031.78,157929.66,178275.83,222971.8,125565.36,109355.6,40994.54,128851.805,123454.07,122996.68,110573.78,95291.97,126391.67,59087.598,77202.125,107034.34,198251.4,178121.48,196432.4,237804.61,354198,453189.94,167024.58,178619.52,56928.59,184541.44,196343.7,164162.77,160861.47,135217.92,55
trazodone,selective serotonin reuptake inhibitor (SSRI),neurology/psychiatry,depression,antidepressants,168848.56,294258.75,201623.89,217090.3,283502.34,184054.92,214088.64,240754.94,246047.66,305596.34,108942.05,155689.55,297546.88,217083.17,218239.05,218141.56,254887.48,83488.67,0,34658.574,27488.094,14067.138,53331.36,0,0,51223.22,45375.11,0,102363.95,0,0,0,0,0,0,0,0,0,0,0,0,110141.945,147043.5,226974.11,193437.6,191305.31,185817.77,158174.14,149932.44,38393.48,142821.8,156181.48,103787.266,144847.03,42997.14,39
venlafaxine,serotonin and norepinephrine reuptake inhibitor (SNRI),neurology/psychiatry,depression|generalized anxiety disorder (GAD)|panic disorders|social anxiety disorder,antidepressants,6995695.65,12432957.4,8370339.46,8033640.6,9700535.3,5981986.9,7610846.5,8566872.14,7665048.65,9355625.1,2697416.94,8580979.8,8757398.3,7493789,7374972.56,8010020.66,7146995.4,3359233.3,7772985.4,3487932.46,4015247.8,3605270,3563133.88,3178563.44,4361270.16,3600832.64,3940391.26,4635844.17,4893562.54,3896744.51,2672141.52,1464000.27,4629754.1,4640980.18,4706810.76,3686492.44,3462171.62,4057680.72,3087012.5,2639255.26,4053091.84,8421520.94,10228164.5,14044844,10527954.6,11599702.6,11490238.8,9427800.1,11022421.1,2606603.38,10247500.5,10456470.3,9694971.9,10404588.9,6886435.7,55
carbamazepine,mood stabilizer,neurology/psychiatry,seizures|trigeminal neuralgia,antiepileptics,2607699.04,3102665.1,2805524.7,2792142.75,3176822.1,1782014.5,2984788.4,2595231.45,2735852.4,3064240.9,944655.19,2212668.06,2829299.7,2421260,2387981.9,2704431.9,2160975.25,1511945.97,1420094.08,1352121.6,1760657.4,1544748.64,1599932.1,1308210.6,1347857.94,1881527.06,1632273.1,2017914.2,1931455.1,1418426.64,696417.7,480544.11,1238141.57,1292940.72,1311946.26,1022428.94,1024257.03,1224945.22,892511.81,1056158.7,897028.77,2279607.6,2248528.65,3196257.24,2580842.2,2468087.2,2194893.5,2557610.44,2343881.65,1091739.56,2279859.9,2310503,2418169.8,2217448.4,1641604.9,55
eslicarbazepine acetate,antiepileptic drug (AED),neurology/psychiatry,seizures,antiepileptics,1949054.9,2504822.5,2239148.8,2173978.8,2444853.5,1471467,2373638.8,1974195,2200759,2448776.2,753444.25,1876948.6,2136525.2,1982136.6,1838475.6,1991209.1,1732835.8,1286174.1,1055405.1,1070399.9,1510125.5,1270623.1,1409371.4,1157263.2,1154145.6,1579908.1,1459172.8,1714085.8,1712332.9,1197133.5,623261.8,437735.9,1016950.44,1051487.4,1051272.4,887231.9,808638.4,974675.9,782271.4,830618.75,830846.75,1882501.2,2017445.1,2558718.8,2221069.5,2014878,2026290.2,1979630.1,2131866.5,946901.9,2061189.5,2023187.8,2146073.5,2103262.8,1384797.4,55
lacosamide,other antiepileptics,neurology/psychiatry,seizures,antiepileptics,325527.34,435704.34,360145.2,391797.8,429346.97,246749.38,404107.84,372944.66,381760.97,401445.44,128320.81,399849.66,395197.75,416139.97,351505.06,373761.78,307981.28,56591.562,178925.34,101324.86,100710.3,111591.84,86279.26,72445.53,165348.16,171122.11,111834.57,159108.34,125286.336,105154.27,56268.367,36780.453,152392.69,152986.47,151429.56,93144.414,117895.01,102408.91,107393.836,91480.375,125089.086,334001.25,303427.25,343183.16,278977.25,279050.84,244998.81,301396.12,326835,108084.9,288939.06,314403.97,358508.16,298670.84,305665.94,55
levetiracetam,other antiepileptics,neurology/psychiatry,seizures,antiepileptics,3629759,2597970.5,3234432.5,3815696,4182088.5,2251874,3760871.5,3208822.8,4287597.5,4335039,1992753.9,4416766.5,3477942.8,4486418.5,4524817,4833331,4433260.5,1280996.4,1140242.8,1829629.5,1758004.9,1570031.5,1405428.2,967891.56,1507489.5,2185733,1620063.5,1803347.2,2334171,1451477.8,795681.25,525288.94,719089.6,717834.6,752894.75,982147.1,1113577.1,1359385.2,994938.8,1086987.6,450176.3,4815624,4927448,6326583.5,4924596.5,4558304.5,3759577.5,5190122,5024087.5,2001624.9,4968532,4826064,3971058.8,4944737,3713944,55
atenolol ,beta-adrenergic receptor inhibitor,cardiology,hypertension|angina pectoris|acute myocardial infarction,antihypertensives,4232596.573,4483925.61,5185115,4639240.5,5691048.72,3687363.27,4399714.09,5315867.58,5512702.27,5471335.5,2120528.76,3603432.95,5681235.94,4436377.97,5618446.19,4905500.06,4440126.22,2558198.2,2818536.1,2691635.88,2856210.3,2687341.83,2337976.53,1872023.58,2478491.67,3259286.4,2715431.24,2986393.08,2997523.41,2400189.02,1517731.55,971092.17,2367664.26,2397143.65,2408653.8,2208392.6,2551407.41,2651955.42,2217356.12,4134799.55,2701259.24,1936964.29,2163502.38,2427085.922,2062531.72,1964886.97,1888412.179,2092854.05,2078791.48,766876.107,2039290.004,2007696.74,1814572.606,2201264.72,1311633.966,55
bisoprolol,beta-adrenergic receptor inhibitor,cardiology,hypertension,antihypertensives,706400.5,1113070,821228.6,843466.5,1011927.94,593373.2,882380.7,840531.4,940879.56,989345.7,342270.7,864829.8,887395.1,831955.3,841738.25,903515.9,797675.1,252075.17,348007.56,240633.88,277582.97,233977.38,247199.3,187760.52,262475.03,301205.6,302700.78,312170.5,342047.4,288392.34,164625.52,135261.8,257047.38,244722.97,259539.1,245205.8,205654.61,207910.06,234029.38,281087.7,237150.25,568250.3,670453.4,918689.06,704248.56,682623.94,592777.9,702455.56,719006.5,233660.16,684385.5,672385,565607.1,668680.7,415823,55
enalapril,angiotensin converting enzyme inhibitor,cardiology|nephrology,hypertension|congestive heart failure|diabetic nephropathy|chronic kidney disease,antihypertensives,1261435.8,794381.25,1315673.5,1356055.4,1582865.1,943344.8,1443838.5,1178108.4,1319642.5,1569849.9,583168.6,584419.06,1644781.8,1292635.6,1337086.9,1496143.9,1241705,401089.53,5994.289,385284.28,364642.7,356279.66,287529.44,146469.39,178616.86,653630.25,367593.88,389138.75,452499.16,307874.9,111789.54,77228.99,10976.855,7410.59,11225.508,170048.38,335262,283888.7,193063.69,216440.81,47537.016,413714.66,489021.7,557748.1,507168.84,359933.75,513038.6,552016.1,518679.78,273912.72,526729.94,494929.22,491592.62,525576.94,357931.78,53
eprosartan,angiotensin II receptor blocker,cardiology|nephrology,hypertension|congestive heart failure|chronic kidney disease|diabetic nephropaty,antihypertensives,424099.84,322165.47,512891.62,471634.28,532004.1,248075.64,454596.6,421965.78,475193.03,532993.5,183879.8,196058.38,486951.3,395755.62,432003.28,459206.44,385995.47,236221.8,213732.45,263000.72,327973.97,266183.28,359161.47,168355.84,149395.53,237758.47,261313.77,272860.6,317327.9,330469.44,136462.53,98594.04,146932.31,157460.23,150361.78,222775.25,297576.25,236371.06,182540.12,219765.88,185738,565233.1,777225.1,784660.25,1205606.4,737043.44,587543.56,886524.06,809478.25,282617.97,709774.25,726179.9,663609.25,771007.2,262561.4,55
irbesartan,angiotensin II receptor blocker,cardiology|nephrology,hypertension|congestive heart failure|chronic kidney disease|diabetic nephropaty,antihypertensives,1237254.6,1020358.96,1469788.6,1394074.25,1474291.06,889727.18,1383809.94,1409964.66,1593536.9,1584032.65,661969.13,576106.72,1470154.3,1368781.1,1421980.56,1516577.25,1233906.45,371835.49,195814.647,342783.54,553831.48,403792.48,328174.03,278887.94,265875.105,590146.66,389078.73,477199.24,583731.09,417933.35,209770.7,101807.61,204909.944,158935.706,161590.22,223055.876,320793.06,323786.8,225411.765,207503.74,116906.74,467516.78,599590.02,733591.6,621528.41,518676.86,620261.47,683830.12,593605.16,290925.76,613248.1,607235.31,490343,563985.65,306251.24,55
losartan,angiotensin II receptor blocker,cardiology|nephrology,hypertension|diabetic nephropathy,antihypertensives,4047896.4,3426811.5,4656971.55,4194018.45,4746797.1,2740789.2,4519184.4,4339709.3,4575011,5235532.44,1792725.54,2032665.43,4862068.18,3917030.2,4534801.7,4662899.86,3816128.35,1101102.27,720638.78,1006998.92,1113756.61,898369.57,808733.085,522208.52,555868.09,1116207.3,1041273.91,1011358.13,1199286.97,898364,512752.396,245777.064,726244.595,694710.73,681906.35,769360.28,723593.01,888876.86,588761.596,769166.04,576850.37,1683263.63,1940949.84,2337372.37,1954110.69,1847628.39,2146371.88,1912600.9,2084251.25,1151618.47,2113147.75,2070971.9,1741401.79,2063186.04,1238651.92,55
olmesartan,angiotensin II receptor blocker,cardiology|nephrology,hypertension|congestive heart failure|chronic kidney disease|diabetic nephropaty,antihypertensives,411267.12,407396.56,504742.03,463466.47,568458.3,266738.56,533108.5,473524.06,498489.8,572515.9,159372.4,218487.55,531443.6,407501.8,508903.7,533555.06,392475.6,212649.19,194362.66,214255.72,274812.4,223260.83,187159.36,129778.695,152461.19,259229.86,231139.86,257337.58,287565.06,235557.98,106390.125,66980.445,226320.77,204789.66,226345.05,173676.31,154677.7,216091.2,120593.17,180322.92,140953.88,427818.53,540488.8,511573.25,493334.38,501772.22,457409.78,534476.6,535430.7,270190.72,573150.8,565193.7,463845.28,531594.3,333146.5,55
valsartan,angiotensin II receptor blocker,cardiology|nephrology,hypertension|congestive heart failure|chronic kidney disease|diabetic nephropaty,antihypertensives,5853549.2,4476892.6,6510155.4,6051144.4,6747847,3916786.95,7615399.3,6878061.4,5987414.4,9042815.6,3444904.3,3135442.4,6637633.2,8338537.1,7882467.4,8087302.6,5908186.7,3146036,2249631.7,4021057.2,4567509.3,3671509.24,3087659.1,1798327.1,1810954.84,5303319.1,4214405.2,5070474.3,4626634,4159015.8,2255210.9,1374878.75,3415382.3,3418776.2,3632276.8,3277912.05,4269979.8,4736449.7,3186274.6,3780096.56,1753376,5118249.5,7335502.7,7372758.1,6076780.5,6339254.7,6420744,6957044.9,7417195,3907945,7386949.5,7218406.5,6258384.2,6905800.1,4323054.7,55
abacavir,HIV nucleoside analog reverse transcriptase inhibitor (HIV NRTI),infectious disease,human immunodeficiency virus (HIV-1),HIV medications,3074485.4,4538213.4,3424000.8,3409334.7,3741158.3,2834561.2,3524511.3,3694908.5,3594342.8,3807906.4,1681849.19,4982264.8,4031900.2,3195495.9,3335411.6,3663626.5,2959426.2,465969.42,739687.71,360026.86,933085.06,729045.48,806656.5,900659.78,849044.9,817398.63,865622.78,1050421.05,1015597.16,741941.56,443534.93,384228.815,622958.83,614927.195,608985.48,513539.395,1042772.7,797252.72,533828.16,541254.81,457929.536,1793050.44,1843109.76,3709634.9,1762341,2490990.1,2143178.7,1768780.1,1810817.45,629654.17,1766960,1756258.65,1623523.95,1781197.12,1166574.69,55
acyclovir,nucleoside analog HSV DNA polymerase inhibitor / VZV DNA polymerase inhibitor,infectious disease,genitial herpes|shingles|chicken pox,others,330134.12,214546.47,347281.3,335824.2,336911.78,180529.05,348228.47,332263.53,246570.72,262411.9,97231.19,159781.08,120703.6,320254.78,305905.34,307002.22,288184.84,42211.523,0,53128.72,34951.316,27726.076,12476.674,3288.8018,34376.406,43919.1,27915.707,26441.89,32091.678,28487.303,0,0,0,0,0,0,10011.17,4175.669,0,3067.3154,0,168551.4,104584.54,198536.88,134394.88,213839.16,216008.5,115965.875,116225.305,83881.164,101146.19,101584.49,141210.53,110859.586,82731.21,43
darunavir,HIV protease inhibitor,infectious disease,human immunodeficiency virus (HIV-1),HIV medications,245460.56,397555.62,390528.56,336253.3,368028.5,289938.6,329853,416703.4,384547.56,395924.9,171632.3,273210.94,383338.88,360567.78,374701.06,339240.53,345132.7,105895.73,170974.44,60302.64,113255.27,78513.35,81992.91,69506.54,69585.2,70387.8,113014.32,74663.09,110807.58,59987.438,45088.516,17900.008,61255.066,67027.74,59590.527,89610.055,62716.02,51855.816,13538.76,20714.25,44313.363,247669.2,320648.5,356010.25,349015.72,282713.8,359386.25,253858.5,334794.38,151230.5,356291.38,333435.94,272269.94,325827.28,180470.5,55
emtricitabine,HIV nucleoside analog reverse transcriptase inhibitor (HIV NRTI),infectious disease,human immunodeficiency virus (HIV-1),HIV medications,601105.3,730237.06,686636.5,641146,732829.9,503176.4,651889.44,649174.06,589120.3,721801.9,261154.06,609144.8,698461.4,603915.44,616430.4,722918.44,573336.25,127074.12,111423.28,137898.78,98995.02,90183.21,86360.63,43845.3,90911.984,108705.12,110401.87,137511.4,146169.12,108164.04,49544.37,18836.521,56206.28,51787,63905.42,62862.715,113780.46,71085.84,48487.21,74423.086,50164.633,203877.39,345517.66,328325.28,270950.34,244523.77,304171.44,228132.7,333902.66,58305.81,347634.47,338375.3,244597.61,351292.8,203492.94,55
dextromethorphan,opioid agonist|uncompetitive NMDA receptor antagonist|sigma-1 agonist,neurology/psychiatry|pulmonary,pain|cough suppressant,cough suppressant,635971,935020.1,631891,547944.7,582278.06,351317.94,342176.7,294201.22,168096.05,224024.86,61873.223,232254.06,128341.99,107008.47,105960.14,113898.05,84330.42,359869.88,597252.75,474232.38,417830.6,343812.66,263284.75,185852.6,229210.11,256879.53,209069.67,219944.19,189819.38,125630.02,82223.77,36681.832,71274.34,84251.48,87829.13,57361.51,67858.51,47707.4,32624.064,19060.178,48976.566,402081.62,120057.234,420631.2,303831.7,291332.72,205321.22,112272.195,113378.82,0,113126.766,118959.39,62747.05,119831.05,33150.66,54
metformin,biguanide,endocrinology,type 2 diabetes mellitus,diabetes medication,120569409.5,107663475,96497837.5,126854119,82434499,66320210,56793165.1,84597187,88401489.5,72220198,54088738.8,106372951,48227890.8,94190475,84385865.5,83486274,69985923.2,69891923,55433053.8,68318710.9,65058840,79819581.8,58478642.8,50718486.9,34742465.94,61255642,65010152.2,62027685,59666247.8,61568558.8,30915036.25,30545486.8,30747765.6,30770982.06,29717450.4,41815308.2,30307850.56,44991765.6,33667079.1,34530138.3,34850923.9,106898290.5,82459970.5,95839326.5,85862124,86048368.5,86307877,90523175,84775452,27994372,84007873,87080691.8,73476550,80648657,73634025,55
sitagliptin,dipeptidyl peptidase-4 (DPP-4) inhibitor,endocrinology,type 2 diabetes mellitus,diabetes medication,983493.94,1231453.4,1089326.4,1141234.4,1482936.9,839871.44,1213045.8,1145880.1,1068297,1205257,571774.75,1125025.6,1350656.9,856503.6,1060755.1,1198511.6,1013743.1,528289.1,556486.9,548749.56,803872.25,596236.9,599796.44,405064.5,494209.75,939649.56,846571.2,741140.2,1016648.44,675386.4,339309.03,126254.24,322409.53,305877.56,336024.34,356154.06,388668.4,409639.94,288748.72,330178.25,272130.88,1013091.8,857600.9,1173741.1,930014.8,1143225.2,1106027,1010795.06,868146.44,492362,860698.3,899701.4,739651.9,863346.56,641513.56,55
vildagliptin,dipeptidyl peptidase-4 (DPP-4) inhibitor,endocrinology,type 2 diabetes mellitus,diabetes medication,268012.8,334097.72,305447.22,357757.62,390186.2,244312.98,331072.06,301275.56,406822.84,405967.28,145451.53,348424.62,416525.8,312350.12,364394.78,318488.25,289898.53,242755.05,177288.14,223094.36,266561.6,231754.55,271878.47,200066.97,189968.22,360116.9,283242,272727.22,404157.78,252063.95,167812.03,82715.42,197097.31,176053,199410.9,206072.97,210677.84,272722.72,193031.73,211201.69,130984.94,429299.22,497635.12,662545.2,454054.44,425851.06,380253.66,507339.7,453562.66,93257.195,448529.4,461528.7,481135.3,439657.66,295500.4,55
flecainide,antiarrhythmic,cardiology,ventricular tachycardia (VT)|atrial fibrillation (AF)|ventricular arrhythmias,others,589352.1,1077034.8,615398.94,672901.1,787504.44,498254.38,675468.94,682751,609644.44,743792.9,310271.12,803102.56,714523.6,598074.75,661695,589058.1,801500.1,304550,597396.7,346975.56,362263.9,311203.12,313138.34,259228.11,401699.28,365580.84,363672.66,381187.03,461236.34,276592.7,207516.1,116877.95,295314.53,313754.16,295526.97,228363.31,276628.8,309219.88,207147.34,251445.78,254122.88,279390.47,327785.25,389921.94,306986.34,269310.2,447180.97,394287.28,316138.84,129577.164,323652.47,314486.1,300817.4,315936.56,178458.62,55
ranolazine,antianginal,cardiology,chronic stable angina,others,192970.1,257925.42,190900.38,213549.64,244634.7,150329.23,209771.61,235400.61,205397.97,254756.52,78456.734,229784.44,239721.36,141353.12,233233,217412.03,215266.92,132134.42,231229.48,76893.586,124638.67,126381.914,127249.16,98949.69,136200.34,149793.34,150870.84,173543.48,195570.42,150637.83,95105.66,39472.48,128289.984,117306.32,120112.66,111151.2,132705.34,128868.56,69129.016,62287.074,101769.73,248035.39,282235.62,326635.9,336687.34,249873.34,35117.402,294330.44,331026.56,136129.34,307081.56,302285.66,267471.62,289644.03,179062.45,55
sacubitril,neprilysin inhibitor,cardiology,congestive heart failure,others,163427.19,155462.36,175989.14,191812.67,228780.12,105138.99,207640.05,171438.88,190302.58,209492.42,79963.02,89106.15,212095.77,227638.48,172215.25,194503.11,178927.84,59210.715,54598.98,67310.39,86469.54,73943.195,82393.84,23333.035,42778.062,110221.18,79224.86,110060.36,117119.68,74691.67,39680.97,13144.926,61179.55,60454.688,51729.87,58298.742,47186.406,74576.945,58177.93,79916.08,40311.336,92776.305,102678.805,108711.195,150177.7,93680.48,102675.57,104457.52,107221.26,16644.883,120265.586,104587.91,118053.516,123543.75,79542.14,55
fenofibric acid,fibrates|peroxisome proliferator-activated receptor (PPAR) alpha agonist,cardiology|endocrinology,hypertriglyceridemia|hypercholesterolemia|hyperlipidemia,others,1167617.4,1493182.6,1357271.6,1156592.9,1407218.9,877008.06,1329604.9,1219085.5,1280615.6,1374212.1,425713.9,1157465.6,1316979,895130.9,982842.75,1098029.8,905483.6,379858.88,374687.62,414685.34,495335.25,396237.06,396186.4,241814.22,265502.66,512393.34,464910.4,497804.12,540513.6,390531.7,204079.92,99434.48,291358.5,322468.5,319779.5,290464.25,318634.75,328677.88,215047.27,346293.94,209570.89,686786.2,882517.75,1364906.8,944944.4,1132928.8,832883.94,869792,859895.25,420452,877635.3,861456.56,685272.5,873913.75,526797.75,55
ensulizole,no_match,dermatology,sunscreen lotion,others,335916.9,280074.16,422788.8,356733.16,359467.72,389949.78,357824.84,736916.56,876767.44,657855.5,196108.75,119987.984,1176616,452749.06,971686.5,1712553.8,483413.3,198360.58,128488.99,139240.25,172435.36,119006.41,89193.09,78875.4,67812.664,153205.4,277870.8,258218.72,338349.66,283206.5,118626.03,98004.125,254361.22,257792.56,250492.7,408546.8,292429.75,421969.8,301957.44,353395.34,208463.94,296208.8,367304.7,206436.31,367316.97,173501.47,654587.44,609880.9,362100.72,206766.39,371254,342761.53,585645.5,348620.25,249570.45,55
hydroquinone,melanin synthesis inhibitor,dermatology,dyschromia,others,805635.113,677417.042,855038.185,735772.714,823881.417,3377518.614,1082380.19,626862.081,750834.136,671826.58,414599.395,435271.291,253093.4726,790661.472,610996.718,520564.947,576171.492,229485.67,85913.809,294677.573,317618.0603,240863.46,182752.399,166009.32,125410.615,287388.048,242412.594,184379.893,371242.512,234805.805,233412.32,238665.8797,115238.8633,107427.292,143818.9,156928.148,93120.352,378238.43,575102.85,264711.483,244791.128,16112510.84,852022.146,735496.817,2798346.269,509217.853,668654.675,770399.075,819711.571,587471.5285,920280.603,907719.35,564583.738,712933.692,27082651.64,55
octinoxate,no_match,dermatology,sunscreen lotion,others,1414521.6,1191633.97,1068234.82,966732.48,937804.77,1654516.7,1243816.417,1058432.6,996714.35,1281972.76,748068.7,1173261.24,918242.04,1180928.17,1171540.78,783134.39,892957.22,1009326.98,1522953.84,723479,904882.36,930613.5,1369387.15,1059103.2,1602319.15,1131022.38,877463.09,763216.98,936095.77,1052355.98,1503354.12,1512435.58,1651842.4,1618046.95,1879515.1,1588719.7,2122346.8,1484083.97,2209306.82,2454917.77,1877291.17,652927,621655.19,652677.39,608815.982,788692.43,820661.97,1178685.95,616192.61,1102798.22,617710.8,588180.02,646417.61,600854.47,573442.4,55
oxybenzone,no_match,dermatology,sunscreen lotion,others,52070.043,173582.12,87509.07,91152.45,103623.17,120169.12,88114.664,116754.86,89469.016,150643.72,133174.2,237291.64,130260.2,86209.64,134300.33,101313.04,132338.27,101252.59,58966.08,98901.45,106378.305,180865.27,127637.47,101648.87,99254.28,181492.97,215083.33,128305.68,220356.52,169310.66,110587.055,92682.6,112263.49,102836.484,114406.88,113056.22,161268.16,179279.16,101839.92,115820.484,83386.98,126965.19,141683,137120.7,228152.19,116262.805,408472.6,222917.62,153561.39,109301.44,134112.94,162671.89,124637.555,133447.47,101297.445,55
amphetamine,central nervous system stimulant,drug of abuse,psychostimulant,others,2610642.8,1631748.2,2072713.4,1877696.6,1982908.6,1230391.6,1914847.5,2435039.8,1735025.6,2418977.8,1236287.4,1697523.8,2311624.2,3052987.8,2513957.5,3297566,2746488.8,478205.25,1327798.1,869184.7,697769.44,657406.8,434141.22,263623.22,496626.25,819470.2,848565.25,729876.8,936461.4,723606.5,494167.44,340364.34,497329.34,515990.1,508047.7,661710.2,1276821.2,1349371.2,878235.6,1239923.1,1264028.2,1750144.6,1888948,2740043.5,1804009.4,2200349.5,1798296.2,1756564.8,2059784.5,1945929.6,2067540.2,1898829.8,2272146.5,1958461.9,7520898,55
cocaine,central nervous system stimulant,drug of abuse,psychostimulant,others,1111179.6,2306237.2,1349608.6,1382397.9,2198719.5,1776219.2,1223991.9,1673889,1909177.2,1809637.9,943387.3,1536964.9,2946736.5,1483622.6,1929427.8,1893077.8,2329207.8,658687.3,86037.85,222893.53,427525.28,349876.88,641483.25,370917.16,464586.16,506262.72,675763,483242.1,730769.4,459407.72,252335.95,225514.17,25310.61,21706.162,15868.026,266878.72,331121.03,374996.1,342823.16,66217.68,35494.562,1357200.9,2848658,2590638.8,3347993.8,2012871.4,2997061.5,2155293.5,3031737.2,649914.75,3030868.8,3050422.2,3084203.5,2907402.2,2231132,55
methamphetamine,central nervous system stimulant,drug of abuse,psychostimulant,others,41317.992,426938.97,17912.145,51112.695,79834.125,18536.531,63991.902,72139.65,110229.25,87218.88,66124.83,23865.451,74054.33,107686.47,75299.805,69716.59,35431.664,20955.904,609019.75,470536.1,68820.586,301536.47,190492.88,197635.92,202141.92,74299.61,78304.805,210372.73,11985.03,551261.44,574007.4,783308.94,1009051.1,1042367.7,1076968.9,1780401.2,935517.8,1770554.2,1345906.9,3021887.5,2577296,25791.38,49638.03,46600.195,26935.959,15770.156,22047.816,67691.41,21415.459,304653.62,22465.83,55523.426,109092.914,40328.293,144516.88,55
midomafetamine,central nervous system stimulant,drug of abuse,psychostimulant,others,641820.2,1500633.8,851872.5,553492.25,418408.94,733608.75,618334.9,682609.94,447979.84,435566.1,292810.06,705576.4,472454.62,382488.94,600076.94,418812.25,424348.94,236444.22,1115300.2,148730.88,186970.73,161319.28,196468.73,175677.64,148740.81,136459.44,173109.34,285920.62,261550.44,281243.9,195231.33,283543.7,752636.4,887964.9,799148.8,771571.3,255379.6,367776.47,408303.9,722002.94,419631.88,167174.47,138510.61,287181.44,257443.77,477152.9,195410.72,115782.43,130227.766,163749.16,113725.234,138491.81,264133.7,112553.17,85333.445,55
testosterone propionate,androgen,endocrinology,hypogonadism,others,85445.39,107839.18,200494.45,198167.2,194641.14,92061.7,147014.88,168815.94,199717.31,113165.11,488529.84,373401.1,142981.44,213054.88,158706.5,142261.53,328742.5,97994.266,0,7034.076,7159.97,12582.668,61455.426,13457.139,0,55018.68,8280.521,14418.74,16106.513,7997.1045,29831.508,0,0,19125.287,0,10370.226,43778.23,50629.918,18801.55,27216.182,0,278271.7,151029.55,384841.1,188819.44,471991.44,207504.36,165500.92,142422.38,229105.52,158056.42,160726.14,208639.23,158941.86,188765.19,45
gemfibrozil,peroxisome proliferator-activated receptor (PPAR) alpha agonist,endocrinology|cardiology,hyperlipidemia|coronary heart disease,others,371184.3,585157.9,414495.5,386903.03,397407.7,335333.28,408242.16,453456,362299.75,436202.88,210541.17,605307.7,348276.8,319913.53,379679.66,380037.6,335658.34,174969.02,214851.88,171732.8,283828.53,212545.83,251809.56,141667.23,180335.19,334457.25,289454.75,280192.72,359074.25,233379.8,120809.67,69815.07,190415.23,186289.95,206089.72,176348.05,179855.14,214428.8,134611.56,196361,129522.664,126397.31,174096.5,226760.28,261630.75,270735.6,276151.53,237289.62,187797.14,141311.4,186278.6,190394.88,226883.16,194929.02,145187.9,55
metoclopramide,dopamine-2 (D2) antagonist,gastroenterology,diabetic gastroparesis|nausea|vomiting|gastroesophageal reflux disease (GERD),others,73932.05,144733.73,106755.164,90602.914,113514.36,76603.1,83238.555,92966.5,68573.78,106912.35,22218.834,95269.18,93649.87,91900.734,90056.625,96209.37,76102.9,81447.5,376760.47,232514.95,112991.266,101802.01,82164.81,69238.15,237325.4,78524.734,86549.82,90513.7,139921.67,133310.97,61442.24,74305.484,116724.625,116564.61,127361.54,171090.9,36188.48,83507.12,19995.408,35630.734,24054.424,51084.516,63506.734,124328.125,133058.66,145740.75,106295.09,93328.62,72455.266,32994.97,70319.195,67360.42,48305.438,88413.45,27052.234,55
omeprazole,proton pump inhibitor,gastroenterology,gastroesophageal reflux disease (GERD)|Zollinger-Ellison syndrome|peptic ulcer disease (PUD),others,1981614.9,2639975.8,2179276.48,1914976.28,2301326.15,1730618.2,2044266.85,2149176.9,2008756.9,2324299.63,783640.696,1772574.48,2156923.77,1738667.94,2010486.87,2142949.7,1747760.74,1046187.57,1404004.64,1114667.45,983344.04,964971.34,915747.4,750140.26,902864.7,943411.516,999137.5,1164519.25,1267967.03,992233.9,626864.37,338530.131,1007666.31,1023845.34,1060728.67,831089.81,721601.9,856107.97,620888.49,430302.213,680657.706,1397229.65,1585706.9,1868446.11,1677022.02,1612443.78,1555026.18,1500269.59,1583472.46,550465.32,1597605,1584118.98,1354636.28,1603455.59,1053707.46,55
cytarabine,nucleoside metabolic inhibitor,hematologic malignancy,acute lymphoblastic leukemia (ALL)|chronic lymphocytic leukemia (CLL)|acute myeloid leukemia (AML)|non-Hodgkin lymphoma (NHL),others,0,0,0,0,0,0,48028.285,0,423527.34,0,147997.97,0,22885.488,0,0,0,0,0,0,0,0,0,109345.84,219896.22,0,0,0,0,0,0,178532.61,0,69488.13,75095.66,58757.95,33520.28,0,380516.25,167568.06,0,59494.867,1083592.2,691497.06,703816.06,844037.3,52837.18,810772,750737.94,652780.75,669297.25,677198.8,668547,774322.56,634885.1,844355.8,28
piperonyl butoxide,no_match,infectious disease,lice,others,91891.53,197119.44,117559.45,126535.4,127472.99,135942.77,102574.46,155245.42,99639.43,138454.11,98834.79,216266.39,133772.64,138523.16,138177.17,98046.67,121916.78,92559.31,21364.965,68669.74,194441.38,201078.88,89669.84,93420.52,59467.137,72302.66,127200.82,264982.1,384918.25,93627.2,127819.69,75807.45,88916.914,86903.734,91708.3,44574.953,89083.53,128533.555,86346.98,53746.484,68040.38,38252.742,69361.734,53251.79,92690.016,58358.34,115698.445,174260,63960.055,127712.875,89368.086,102297.195,78274.484,69297.69,79789.47,55
tetramisole,imidazothiazole derivatives|veterinary,infectious disease,gastrointestinal parasites,others,648987.8,1561494.2,928949.2,723942.4,7345482.5,923316.2,871784.25,876719.7,629280.3,786797.7,303033.47,996588.44,2390164.2,723987.1,619713.3,1180020.6,588812.56,400020.78,523320.78,429052.4,234302.97,196029.88,165060.36,82052.555,113007.98,156620.2,183629.86,185448.52,381422.7,187416.02,86013.29,38075.28,75341.66,71126.984,72472.15,125058.41,104427.7,133428.97,100717.125,150605.58,101410.33,689001.44,532993.06,633414.4,702045.4,524632.1,409773.6,469082.8,582210.3,271747.28,595016.5,580048.6,1022660.5,552343,143599.8,55
hydroxychloroquine|chloroquine,antirheumatic|antimalarial,infectious disease|rheumatology,malaria|rheumatoid arthritis|lupus|amebiasis,others,40472.465,239703.88,103398.74,195648.97,203530.16,196624.62,235836.73,265079.9,166994.19,188641.9,75844.59,212406.89,90149.29,66753.414,82045.984,81608.83,71734.6,28026.064,63112.562,9950.607,80998.27,53595.777,45091.477,65998.7,209129.56,123981.375,168807.88,281463.1,178082.38,104828.48,77359,8532.341,102161.79,110853.97,117288.83,45277.816,0,70266.84,4473.433,0,31789.865,17222.129,129146.4,315570.3,380774.12,359300.28,272509.38,210917.36,169872.17,0,137332.83,140678.28,98273.86,146127.02,29635.748,49
benzalkonium,antiseptics and disinfectants,NA,antiseptic,others,260435.86,682837.2,309894.66,615430.4,635811.5,1856238.5,1134990.4,493256.75,205750.83,777869.56,437166.4,2681161,177799.45,335417,330817.44,206977.62,722504.4,568863.1,920728.25,1100545.6,750543.4,3040006.8,744992.56,1182140.1,1549680,1612900,962944.3,946767.6,1376865.6,1245551.9,1088556.6,2326656.8,1459435.9,1512459.1,1448135.6,2165181.2,3438204.8,2304430,2440091.5,2859258,699274,437950.56,340682.03,361115.75,666119.7,124551.766,3325843.8,414194.28,379740.2,2757546.8,344581.53,396890.62,302815.5,346929.88,305956.97,55
cetalkonium,no_match,NA,NA,others,19579.375,76098.04,9878.3,73755.17,77466.35,0,65925.97,26655.615,0,41690.023,54193.156,266941.97,0,9061.745,23369.934,0,47215.42,145180.02,144809.28,280675.06,124339.35,376991.38,103484.45,165869.31,358431.03,252226.58,241577.14,137339.84,338223.3,186408.81,115677.93,338083.53,161385.34,172516.53,154523.44,272968.16,366297.88,270480.3,237726.03,357577.28,94877.734,28491.873,24784.707,0,54802.035,0,283752.5,20208.158,36031.637,44008.582,9680.464,21488.473,0,8545.281,11906.355,44
cotinine,no_match,NA,NA,others,14946098,13474622,16308355,14793724,14552648,13892199,16054056,16892830,12631457,15336827,5108512.5,14365576,16303916,16930976,14495933,16060490,13511558,1818987.2,504632.78,1922890.4,3345167.2,3314743,2767483.8,2235607.5,2532214.8,3365093.5,3680431.8,2790540.8,4806644,2658016,1384971.8,1301473.1,810362.3,893543.2,738961.06,1734230.8,5819286.5,4431298,2788700.5,3176682.8,2147967,10402090,12633885,14399996,12855614,11875734,11670341,12161638,12562242,4687205,12463452,12671940,12286551,12531150,9654877,55
sclareolide,no_match,NA,NA,others,832601.94,550244.6,645756.4,575156.9,796091.06,345590.44,848912.94,587982.7,899785.5,471855.25,720417.6,376324.1,825515.1,777458.94,842963.56,972220,901597.06,212701.58,700748.7,563881.1,492734.38,385601.53,392941.88,196211.95,539017.56,568315.94,526151.2,338143.28,747552.2,225641.6,620140.56,372152.94,447980.97,385080.75,569378.25,492923.2,419599.72,436227.03,500711.12,583183.94,304596.3,317778.2,834188.1,709454.7,329053.06,539026.8,750037.5,755204.9,444967.34,550240.94,763925.75,428565.7,634833.7,438331.7,295336.25,55
aminopyrine/metamizole,other analgesics and antipyretics,neurology/psychiatry,pain relief,others,26828135,34929884,28753938,28847759,32231890.5,19004325,28735946,26424271.5,27893271.5,30417019.5,11902130.2,31681993.5,31762583,29058567,27210603.5,31502000,29067766.5,11206849,16620112.2,11813080.2,13944594.8,11815993.5,12068519.5,8576248.5,10655084.8,13703787,12053250,14463685.8,12773055.2,12119788.2,7738450.8,5121957.3,11991493,11930611.2,12092295.2,9907490,9538924.6,12542222.2,9352926.6,10014693.1,11348811.8,17348560.8,17907056.5,21396703,16925379,18983633,16438662,17924139,17492028,6388231.3,17801802,17325291,17810087.5,17726261.8,14677165,55
amisulpride,dopamine-2 (D2) antagonist,neurology/psychiatry,psychosis|schizophrenia|postoperative nausea,others,703684,1009070.94,850380.1,875008.94,1027027.56,672278.44,723267.1,915057.1,926504.75,898429.2,457533.25,938058.25,1095648.8,780538.5,837662.3,874344.7,779719.2,433964.34,803687.7,642823.8,689248.9,658564.7,513450,502990.16,584889.1,425705.6,599741.5,820248,834183.25,571458.6,429464.2,209147.9,491291.7,493727.97,518043.7,481901.56,450937.56,553415.94,383420.84,329494.7,375115.75,1427066.9,2233746.2,2373294,2345383.2,1650961.8,1693645.8,1666733.2,2235503.2,474341.62,2214455,2296027.8,1299765.4,2164995,944780.4,55
antipyrine,other analgesics and antipyretics,neurology/psychiatry,pain relief,others,98166.7,137601.31,78876.74,92887.41,123018.96,64249.445,86026.914,111277.66,98782.49,111571.02,47790.434,2585748.8,119888.3,97977.836,88902.516,114534.06,106952.05,51362.105,80368.445,63639.117,362277.06,225693.78,101782.37,217443.7,558313,336208.34,334168.88,763849.94,104489.15,739537.9,218858.69,73868.11,218525.53,214041.47,234526.67,478237.97,441894.28,851903.6,645396.8,549366.75,530766.94,113357.195,44526.688,98510.17,40066.164,106826.766,32745.525,41369.75,46268.797,46298.52,44868.656,46526.594,58241.88,50627.867,16591.531,55
ketamine,general anesthetic,neurology/psychiatry,anesthesia,others,426118.22,522207,394030.97,283810.34,298673.47,350663.22,248930.02,284035.78,256369.11,370993.25,138670.75,2016261.6,374382.12,281825.88,351466.88,331938.22,299303.53,0,19777.756,0,0,0,0,0,0,0,0,0,0,0,0,0,0,0,0,0,0,0,0,0,2951.9614,77097.28,177541.3,124410.61,61265.582,152030.73,62348.742,102071.34,197004.44,0,162373.42,176233.86,814060.2,180443.5,34867.17,31
mepivacaine,local anesthetic,neurology/psychiatry,local anesthetic,others,26192.006,115423.46,19919.021,26528.154,56599.81,16066.799,8047.128,37843.812,27179.281,23271.348,11591.605,72898.9,78885.1,89223.79,68198.734,87431.164,95615.31,4714.6455,81992.734,13581.369,0,5015.8887,4688.1055,0,19157.266,3774.9255,0,3879.7803,5178.742,25487.215,64757.65,409451.2,469612.8,478427.66,494475.3,529035.5,156571.03,1080193.8,638638.7,647410.4,297206.34,9395.426,0,0,0,0,0,0,0,0,0,0,0,0,0,31
methocarbamol,muscle relaxant,neurology/psychiatry,acute musculoskeletal pain,others,449412.47,565537.25,492926.06,499219.34,554155.9,369223.56,592017.75,519437.84,580468.8,622861.94,200969.31,598939.1,624962.4,428654.6,499656.06,579384.44,449563.5,14933.467,170263.12,47889.5,60302.863,75540.414,37268.848,48818.82,76888.945,38791.992,45298.594,75625,69953.55,18428.496,37067.613,0,49307.863,37940.984,51058.41,30401.184,46035.527,52089.63,18146.783,42548.836,58958.953,278193.44,197067.36,273713.16,111623.375,290773.1,69583.234,301141.28,217008.14,88925.516,184822.34,201837.27,212298.11,199293.19,0,53
pregabalin,gabapentinoids,neurology/psychiatry,neuropathic pain|seizures,others,4637085.5,5570306.5,5284853.5,5737830.5,6300228,2249905,8835629,3506123.2,4943847,4218364,1606510.8,4904559,1133774.4,4698643.5,3931950.8,2383257.8,4585760.5,724328.1,888814.4,625649.25,1146045.4,1027087.8,911525.75,535929,553119.56,1328323.4,1023291.44,696793.56,1367581.8,988506.1,553007.2,275349.12,715828.94,700508,723332.94,437216.7,168520.34,423833.2,273013.44,277252,530653.8,5116065.5,6380195.5,7517193,5882047,5537229.5,5706288,6272258,6270952.5,7309843.5,6415719.5,6338188.5,4080904.2,6492715.5,4942541.5,55
procaine,local anesthetic,neurology/psychiatry,local anesthetic,others,667651,626187.8,720895.1,25616540,11913088,394735.25,583515.5,1373145.9,578298.56,1738770.4,331721.53,1026041.94,3892018.5,806371.7,1804139.9,14133699,3035298.5,161962.31,154845.9,209503.33,158565.97,110289.19,32717.242,25931.365,164189.61,174316.1,147414.61,265755.06,232106.33,109879.21,42465.273,3206.7378,25253.469,19042.68,20291.316,80246.66,62831.266,76187.04,85989.41,366906.3,81116.69,617656.6,652329.56,952691.8,263451.94,615182.8,539799.3,655348.8,500442.94,803957.1,365113.28,508751.9,468624.94,531672.7,372472.3,54
quetiapine,atypical antipsychotic,neurology/psychiatry,schizophrenia|bipolar disorder,others,1195651.35,1313003.49,1235575.42,1400109.685,1582276.58,803710.283,1146796.68,1034021.407,1321593.872,1527669.315,475307.261,3344211.4,1147724.22,912310.387,1136508.73,1357818.579,1417783.67,587071.067,626057.386,517084.026,663824.494,519706.475,716443.335,403088.406,558894.42,770221.366,671563.896,724588.831,969717.49,634521.626,407013.6345,238413.495,647053.95,679433.8,514746.76,488832.32,409351.17,590837.15,344615.62,407739.3,393880.781,2026773.23,1874631.14,2305344.67,2522193.874,2198329.77,2746311.3,1976212.462,2301968.516,1286709.396,1868225.116,2357951.43,2206694.9,1893646.93,1112003.408,55
lidocaine,antiarrhythmic|local anesthetic,neurology/psychiatry|cardiology,itching|ventricular arrhythmia|pain|anesthesia,others,988228.56,1414753.9,1010357.56,966458.7,1227614.2,1063746.9,1286359.5,1056650,1075581.2,1198040.4,484039.03,857608.4,1618973.2,1447631.8,1851037.5,1468430.8,1336697.6,553008.75,1264128.6,693763.25,564090.1,575766.06,436294.84,326215.16,699352.2,561704.6,614628.5,624002.94,906657.44,1227969.6,1450073.2,6333729.5,6773474.5,6898796.5,7024933,6468008.5,2987865,7209136.5,7514177.5,7689691.5,4047615.8,505198.34,588341,537293.44,335120.53,371338.66,748953.5,413442.1,584336.7,422989.94,594523.6,585827.1,724102.6,591149.7,378132.9,55
aspirin,anti-platelet agent|nonsteroidal anti-inflammatory drug,neurology/psychiatry|cardiology|hematology,headache|fever|pain|inflammation|myocardial infarction|stroke,others,941997.7,831879.1,1192718.5,1615034.4,1448511.8,1400624.1,1458689.1,1564914.8,2241842.8,1208542.6,1116521.2,711055.94,2051009.8,1220846.8,1253218.6,1204003.1,828489.2,380884.6,359958.34,378520.9,1322771.4,438793.66,639804.44,413478.8,650331.9,564742.3,519983.56,534972.4,447623.12,322449.8,3899019.5,625420.6,22689082,22678422,22850912,460503.9,960178.56,488928.8,310090.47,2222727,643735.94,2674986.8,2669579.8,2062838.9,2361584.5,1876273,2324483.8,3058368.8,2725960.2,1585167.6,2577564.5,2451475.8,2260419.5,2565273.8,1686847.4,55
paracetamol,other analgesics and antipyretics,neurology/psychiatry|endocrinology,pain relief|fever,others,55643595.9,31581849.8,54371808.6,115470638.5,138073067.5,39358566.06,78086483.6,84020386.5,107616453,82189720.5,39834845.4,61265079.8,90978683.2,69619845.2,61187221.6,86730203.8,57173639.9,41243884.5,1237873.88,7705501.77,28358046.4,32208153.25,70939828.9,36798157.3,36407539.94,52478872.4,24807512,9981023,31192297.3,10601661.5,8205473.62,2818074.55,1127132.06,1314192.46,983188.4,6382795.19,37446054.62,16305075.47,11066291.06,8482487.72,1609559.09,206112058,157337660.5,314423929.5,234179004.8,194884163,135912874.5,146938720.5,153060457.8,52021478.5,155527119,157137099.5,100782324,154579095.5,79187854.5,55
sulpiride,benzamides,neurology/psychiatry|gastroenterology|urology,schizophrenia|psychosis|anxiety|vertigo|dyspepsia|irritable bowel syndrome|premature ejaculation (PE),others,1492322,1361617.5,1665005.2,1557962.6,1756264.4,1722302.5,1453545.4,1697307.6,1694229.4,1857861.1,697730.25,1062666,2369513.8,1570485.9,1756003.9,1900580.1,1481206.9,1399754.5,1586854.8,1963696.2,1435790.8,1304348.9,1165400.2,773278.9,1211835.8,1617559.6,1447574.9,1573966.2,1697131.5,1274800.5,773841.94,464989.97,1031613.7,1067887,1068491.2,1097746.5,1014809.9,1117722.9,768474.2,970036.8,722178.94,1202352.9,1286934.9,1355929.9,1122772.5,1131880,977293.4,1222979.8,1387622.4,447787.6,1319717,1230370.1,1071835.4,1281675.2,679994.8,55
icaridin,no_match,no_match,no_match,others,302796.66,152139.66,269217.56,325454.94,271357.25,226638.11,236765.52,292169.62,520970.5,277815.5,152904.28,7700560.5,8969757,762685.4,816795.7,986296.44,1052741.1,55170.18,6553.2,52257.035,52876.324,44931.168,32634.15,10495.869,25780.324,62730.89,46090.605,36049.45,66230.07,167995.23,101904.58,65807.945,71284.484,70617.37,70621.984,124967.76,190622.86,307192.03,193096.19,128930.56,60453.14,553221,120305.33,182179.97,244596.33,97281.125,276483.78,200937.16,180015.61,79809.33,153862.2,187778.16,594409.06,470363.53,1179517.4,54
padimate o,no_match,no_match,no_match,others,647384.45,236856.175,24400.365,335577.54,1044960.997,76158.664,588981.703,2078369.514,22383.756,363489.057,291330.888,379055.03,148136.69,40985.2,157069.48,99317.04,230746.17,273366.501,464040.906,3994870.72,1439467.586,3611020.18,826378.727,198049.266,3085116.12,621760.396,1225069.354,819932.895,1237599.062,240300.882,709086.706,3665390.67,1817639.4,1866964.936,1800617.44,205451.77,639523.143,556174.776,211372.3574,1009296.068,498905.28,28435.297,51695.11,0,370150.37,0,722684.122,230995.042,67773,18149.145,36997.984,59929.016,72065.914,56760.8,58567.473,53
terbutryn,no_match,no_match,no_match,others,176250.36,251460.33,159101.33,167099.77,136731.66,148517.23,96831.58,145429.11,92174.61,138320.7,265155.38,157982.89,184127.97,147991.64,252769.22,210724.78,380009.03,680318.2,66170.83,130449.8,189811.64,162249.2,69377.94,47935.617,51171.984,169164.81,207286.12,183510.88,336267.97,128707.37,117616.15,43895.164,201059.42,202217.25,206836.03,120657.59,167482.7,135382.8,93271.914,127410.77,108102.47,73257.734,97161.44,60799.45,85668.55,51264.32,403776.72,65767.914,94534.336,46436.19,107354.99,127584.4,106322.195,110806.54,121513.11,55
mestranol,estrogen,obstetrics/gynecology,contraceptive,others,0,21475.107,0,43329.28,0,19962.236,0,12327.108,80273.95,81312.984,155328.39,176816.1,52293.918,104963.85,0,0,51868.395,0,0,0,0,0,24714.943,10178.233,22120.658,43565.99,0,0,0,9347.609,0,0,0,0,0,6246.2324,13539.355,27424.75,16865.73,17795.326,0,416774.06,56169.906,97673.43,42284.516,430051.12,105139.94,67335.11,88667.58,258192.94,58320.56,71512.25,50194.71,66747.24,98600.164,33
ketoprofen,nonsteroidal anti-inflammatory drug,rheumatology|neurology/psychiatry,rheumatoid arthritis|osteoarthritis|dysmenorrhea|muscle pain,others,1186680.9,1064998.5,957783.2,1345063,1309424.5,1100678,2135862.5,981752.75,1047502.4,1339276.6,511564.7,985152.75,2233739.2,1309150.5,1143867.6,1395760.9,1083263,410192.44,566609.6,603831.2,465185.75,350929.28,307081.5,184643.86,251187.39,410089.25,402509.03,418179.03,408403,406871.97,228528.14,166415.88,384389.2,365557.25,363974.84,352795.84,329747.88,545496.8,446891.62,1159763.8,546822.3,840731.9,990668.25,986468.4,773045.9,804141.7,710814.06,918323.25,1009550.8,487516.7,1003958.2,992729.3,1040306.1,1024803.9,771386.25,55
mycophenolic acid,antimetabolite immunosuppressant,transplant,organ rejection,others,1250770.5,1681581.1,1480229.6,1459939.5,1621467.1,967302.1,1554981.4,1272053.1,1419388.4,1602867.4,491756.47,1068787.8,1371946.9,1259581.4,1254253.8,1370377.2,1184940.4,479447.7,455606.38,584690.6,551858.25,489151.4,443910.16,329519.88,438285.97,623080.44,616283.4,522736.78,612142.8,439384.22,263211.5,142596.5,359386.9,350056.66,374845.6,347501.9,407849.12,383352.62,283524.34,390283.28,224748.7,1081781.5,1289435.9,1824827.9,1396105.1,1467055.6,1190999,1519269.6,1315365,569130.6,1316852.5,1358761.9,987513.7,1305999.4,1019387.4,55
trospium,anticholinergic,urology,urinary incontinence|urinary frequency,others,279723.06,559129.2,235083.27,83564.875,359746.9,204490.72,0,9346.348,36127.69,0,517151.03,37993.324,434053.66,0,0,27230.559,467466.7,18385.016,249817.6,24304.408,348982.5,282706.78,5768.6963,12344.2295,57540.59,59926.375,226871.2,236111.58,247368.16,241770.89,187049.34,111396.05,332983.8,334459.7,309949.6,9600.302,55087.855,36880.598,322480.1,426505.53,139594.23,0,0,0,0,77954.99,0,55460.457,0,0,0,0,41673.945,0,49462.773,38